expected_value,model_output,prediction_probability,target_present,Movement_leftEar,Movement_leftShoulder,Movement_neck,Movement_nose,Movement_rightEar,Movement_rightShoulder,Movement_spineLower,Movement_spineMid,Movement_spineUpper,Movement_tailBase,All_bp_movements_Animal_1_sum,All_bp_movements_Animal_1_mean,All_bp_movements_Animal_1_min,All_bp_movements_Animal_1_max,Mean_All_bp_movements_Animal_1_mean_2,Sum_All_bp_movements_Animal_1_mean_2,Mean_All_bp_movements_Animal_1_mean_5,Sum_All_bp_movements_Animal_1_mean_5,Mean_All_bp_movements_Animal_1_mean_6,Sum_All_bp_movements_Animal_1_mean_6,Mean_All_bp_movements_Animal_1_mean_7.5,Sum_All_bp_movements_Animal_1_mean_7.5,Mean_All_bp_movements_Animal_1_mean_15,Sum_All_bp_movements_Animal_1_mean_15,Sum_probabilities,Mean_probabilities,Low_prob_detections_0.1,Low_prob_detections_0.5,Low_prob_detections_0.75
0.12842999999999663,0.7715000380841812,0.7715,1,0.04018453978695817,0.050023819758286264,0.003001475321173643,0.03390799714968807,0.031163401499053976,0.0431284754161959,0.011307981814770756,0.030025698300776754,0.010726113901985173,0.0031587590643769657,0.01280664817356012,0.01586744414836943,0.01057515877303075,0.024165452117106127,0.03566863827445786,0.029500525425343226,0.04373241560665647,0.04976137726300294,0.037049247585033245,0.03618976465174725,0.02346017376937681,0.024423609526298264,0.01966817348486529,0.017153543085252066,0.002972980451799998,0.002537651828147176,0.0,0.0003440337516678937,0.0005649381552041178
0.12842999999999663,0.6730000300942952,0.673,1,0.0025954893149942393,0.010947754850013069,0.02197271751095329,0.03766744514346442,0.05377301176077623,0.04050712755884362,0.01444208914033851,0.015996314253291077,0.0276430955984587,0.00908137714448472,0.010201014065070381,0.012622740015597884,0.01498673886975567,0.006801013627919161,0.03801565859213411,0.03344051748993568,0.035812453734667855,0.03883851063791042,0.01870645426554944,0.020910946283389933,0.010506687005823778,0.010776656511552858,0.012860307777799562,0.014984234648798918,0.012321691389455509,0.012132815892919098,0.0,0.00015604744904237577,0.005869119561358076
0.12842999999999663,0.6615000301318416,0.6615,1,0.0008461173433457248,0.0021696135865170163,0.0015445476925305002,0.011849014777224625,0.002006047782325311,0.02866026562755678,0.020731503449553088,0.001367402903566699,0.025655160116916705,0.007558252600830997,0.0027200062983320093,0.004931784002345126,0.014920145786037722,0.01158571307888451,0.02874227953800528,0.025861572889725723,0.035727363637673475,0.03939022075667481,0.02853453953890039,0.03165179174462082,0.02523655707361968,0.025931118534068674,0.0653470474575181,0.061832078903602226,0.013304163501965718,0.012785858288349914,0.0,0.00024476390447659925,0.0019350993166767695
0.12842999999999663,0.6405000286959779,0.6405,1,0.005876861470474637,0.005603641538585009,0.033881662921180576,0.019911670566925464,0.013638580572098248,0.007412086618355716,0.034448010246500474,0.009056671361574332,0.02959481521393002,0.016085588221592104,0.007839612108741676,0.014645066477617803,0.019456517042402196,-0.002637013532236665,0.03238766492285208,0.027365950065176038,0.03412047843022748,0.03803552817971763,0.034013823608345886,0.03303872070696002,0.02242452957719081,0.021133098610348497,0.011156261524175476,0.009688532904071963,0.013681743212545712,0.014240171823520598,0.0,0.00013487699327697556,0.005834877309830518
0.12842999999999663,0.2555000095862967,0.2555,1,-0.002520637151753533,-0.0018497625382360638,-0.0015668254038419605,0.005360238987524326,0.012079030593620246,0.020734640437159727,-0.0013482274224494973,-0.008697084857831215,-0.029832700596654434,-0.0017789843878188093,-0.003332769591002318,-0.0023339242839210783,0.001440492257534629,-0.023776857255039658,0.01354295885114084,0.009790322200140054,0.019827520934193217,0.021745503589342546,0.0054937947334883575,0.008459415383705959,0.004129785337306089,0.004893141265016254,0.03662739531891475,0.03522715696220132,0.003707357042528088,0.0028308550273982293,0.0,0.00011925974829409824,-0.0019010855946601168
0.12842999999999663,0.6795000299071513,0.6795,1,0.003965230776247494,0.0006740751039319548,0.0017940529495575675,-0.001530472891502086,0.008385856993831453,-0.0012529581894688134,0.02637719909309908,0.004017149103540305,0.0049855229438571765,0.0031925692696779607,0.011343123587353574,0.01289579319732951,0.0125228499628534,0.003052651522227308,0.04736365458682542,0.044346019257619676,0.051073177593749505,0.05441839007799217,0.0420885382198162,0.042054066462290506,0.02448642987114738,0.025182035141317557,0.05462689205264411,0.04962183768540797,0.012744959115380823,0.012464342760241607,0.0,0.0003485139101911727,-0.00017147025000525674
0.12842999999999663,0.6675000320624465,0.6675,1,0.036628005073781084,0.020859582522286927,0.03624548750587522,0.012781603746854274,0.007673345729750452,0.05234251224489551,0.011960738291668065,-0.0009074475944586879,0.02167755437177618,0.008801413222416557,0.018466103899321525,0.020387416926000698,0.014569552318093315,0.020185202197403242,0.03627640710671216,0.03143917752779743,0.04267186742555964,0.048120494031045666,0.027436798804929198,0.02677026495265295,0.01741019948499343,0.017980333908999738,0.006767690566017706,0.005686815635503422,-0.0043164790399967505,-0.002338855351749771,0.0,0.00045737533350575176,0.0030368712208149874
0.12842999999999663,0.6900000308880962,0.69,1,0.008393789973599866,0.006575383122461318,0.0015760783855245108,0.0068313436698940674,0.0012282872494566277,0.0034216690557028074,0.01467690024662545,0.008085694592658114,0.029906272626167834,0.008224005729000793,0.028627097701600233,0.026875422501113348,0.015518783938704246,0.01729807109186865,0.040518920087878885,0.03523375116684079,0.041473181339001144,0.044890391372994144,0.02890099478484956,0.034760079484257175,0.01673818065537489,0.016014613319335638,0.046470099830222864,0.04668832436176672,0.015673532498900612,0.015832069326930025,0.0,0.00022402941628968165,0.0009130633590797288
0.12842999999999663,0.6365000288168412,0.6365,1,0.05697677062837954,0.0018140536842298615,0.01592354261861601,0.010313593823074143,0.04679739357362735,0.002383192609903233,0.02917214458301828,0.013102084116846982,0.02866206312794759,0.008192427052482855,0.009930677128036792,0.009673621582657575,0.015852219212729324,0.01766475484985108,0.02770956701216903,0.02385945176613575,0.03638279767704773,0.041265032125915015,0.0244335570172791,0.026530366608445207,0.018247024930572023,0.017775814596261624,0.005331405100503161,0.0067868536286897554,0.004106704577571349,0.0035351430352096713,0.0,0.000258644858615753,0.005389127291028899
0.12842999999999663,0.7220000339899201,0.722,1,0.010280395400773443,0.04771101067271104,0.016193104124736804,0.034029212287510685,0.025540041178660145,0.055304265162008905,0.0189504874256653,0.01949143347980794,0.017451867978724066,0.00973534975557925,0.01638387199528779,0.015899084449291934,0.0033354446057256835,0.005167627226443585,0.04246622687988946,0.03874753013826933,0.047815207317867134,0.05192128870651232,0.028797980119946942,0.025998257522606993,0.019251477568813867,0.020206773036456127,0.008835941211426074,0.008244966940469566,-0.0022223295756725746,-0.0018423571472635557,0.0,0.000363936530443425,0.009511938997231937
0.12842999999999663,0.07599999872386051,0.076,1,-0.005722399102788529,-0.004871251327265753,0.0039045857897265536,0.008963594794485915,-0.0018947178929047937,-0.014583560311620829,-0.0008089404656328725,-0.010391252706833711,-0.010550939226543505,-0.0012066944903952504,-0.005498411343737075,-0.0008908335316796468,0.0024587568830725104,-0.013814383390590023,0.005742738661944884,0.00252651125401826,0.01012236664096136,0.010254698946076814,-0.0043535699671437555,-0.0030968666111499486,-0.010075099147533706,-0.008231134740891264,-0.0037370928307976213,-0.00274842019011146,0.0021029624572983605,0.001462001394926915,0.0,5.3337306115963654e-05,0.0024540118728560855
0.12842999999999663,0.6790000317514353,0.679,1,0.001958442064769201,0.0010655713382510612,0.014213572312914948,0.0380700339384542,0.005561417015460108,0.04820254592037088,0.02038051244282329,0.01667294141117253,0.02415862992181246,0.00961267316659928,0.01429317167049021,0.01571944502699523,0.009482350871118683,0.007165062077241373,0.0427224347416778,0.03790389072583565,0.03140977290631866,0.03638050143718886,0.02098721591040416,0.022737775031178558,0.015305157740834829,0.013945893552066763,0.003257682953287144,0.004376563780465972,0.014898905637961092,0.01997577384374267,0.0,0.040920640930617085,0.019191453381386055
0.12842999999999663,0.6595000314176491,0.6595,1,0.0050473098598112645,0.000378559567919865,0.006927391210354159,0.016143051543700153,0.040237233929509134,0.05087463381340882,0.020388505779941682,0.003108079756518691,-0.013379626583243294,0.038458078550681875,0.01944547131781718,0.02308662183354599,0.02038353429049522,0.03907902010868426,0.03675900614247098,0.03005509424471015,0.03393530682926808,0.0390151871403873,0.0208386155764785,0.02365094099966768,0.015882784736092503,0.015802800764862752,0.014724677839297585,0.014304200213316137,0.006507505062649557,0.007254198628344853,0.0,0.0002494433789456707,0.0019124048820157212
0.12842999999999663,0.686500033125516,0.6865,1,0.006179311355093091,0.002496630396574915,0.005090607776579077,0.016983543764991962,0.027012796575775013,0.059124351465018495,0.021718912043168358,0.0011509429148036077,-0.0007818071050860454,0.03314512860416016,0.023017669042770025,0.02504467752215234,0.026673777618156008,0.03863168038151357,0.042671940617647126,0.03388670099311725,0.03375208514760402,0.035605173888424844,0.022175681502544647,0.024096328703532777,0.016472044026644424,0.01750999711067095,0.017664794887965626,0.01589160237068924,0.0020656129913146516,0.005611574411695983,0.0,0.00024499604814764097,0.004933278069849507
0.12842999999999663,0.6525000286161502,0.6525,1,0.0037790566999198914,0.006386346668161878,0.007950595505765535,0.005553675294150509,0.0020140327417054495,0.001609526060267541,0.03131807756759755,0.009704871779540838,0.02583151757484586,0.0075462674129421715,0.02776704124508143,0.029031595050076787,0.023109231290963095,0.011113990021520977,0.0029390258675688584,0.005085381137822083,0.0398227342089784,0.0448133100005505,0.03478893205614469,0.03889030451577866,0.02191017274448413,0.022697316234891785,0.04748905642999816,0.04872069866438451,0.010779707894708678,0.011932431644962377,0.0,0.0001293531838433637,0.0013557791194979529
0.12842999999999663,0.6705000315531509,0.6705,1,0.04588384344165433,0.04001905547081606,0.03249641791533506,0.0033581327858954067,0.0013256747149247871,0.050252720231293894,0.02445831268467117,0.004318323901313192,0.011027641786669732,0.0022101074655975594,0.02078884051361058,0.02255104207932362,0.013379815616810902,0.024948260850305957,0.040000267266850076,0.034816998946554066,0.03346368886105438,0.03680534568574316,0.02195725095325031,0.02322810363557551,0.015488383924377444,0.01442711004475825,0.001535807504246378,0.004095414394187457,0.004027305314067178,0.0027923474675407077,0.0,-0.0020766013241404835,0.01449041942086751
0.12842999999999663,0.644500030698379,0.6445,1,-0.0004492775549783801,0.004110468892108656,0.016621380115688568,0.029372083523106197,0.004165468546403304,0.049375635648313224,0.021591844594272516,-0.0005997914669609372,0.0004814264679251323,0.0027170816450487224,0.009288266439772314,0.008538415201680891,0.02990815074724253,0.012118959120587079,0.028521466281451923,0.022173154244335934,0.03896603843210244,0.04169855210027265,0.021929118714248262,0.026168769519210287,0.01698481874849449,0.015480917848175863,0.04385791755569926,0.044937828140716646,0.013227427385011196,0.014145606189789817,0.0,0.000153680565799732,0.0005846230528641172
0.12842999999999663,0.7215000344221337,0.7215,1,0.0338657436436327,0.0008985498534954672,0.0040863493077833365,0.004174737797079046,0.024489636644509857,0.03170482258932026,0.01531853898224531,0.045488879840799544,0.013530896000104917,0.0007751656487079117,0.01213620370562154,0.015516105241643742,0.014260596942210952,0.023552054761861427,0.03553697956560058,0.03462791408658625,0.04534722400759577,0.047004288644271135,0.031112510102155825,0.028859618174743248,0.017753740057795824,0.020376715465748277,0.04387973139638689,0.040435966393657666,0.003109119869058361,0.00416227621069865,0.0,0.00038082691927598944,0.0006848425695467598
0.12842999999999663,0.0854999986321306,0.0855,1,-0.0033338035407129494,-0.005989315612529822,-0.00423546307473984,-0.010213105382380547,-0.008537975744239219,-0.01119176738081677,0.0022871174361361567,-0.0025609149666047416,0.011127067276248681,1.5100138657686557e-05,-0.007348873207694453,-0.004147032874480203,0.0013895217714069473,-0.0015810613896870508,-0.017513040490534166,-0.013867107929562082,0.008676820710037987,0.009923907286580089,-0.006023125647377298,-0.0036578879557495727,-0.00047604213339582204,0.00033298425038111643,0.008881167065356976,0.009467634275126074,0.0027894634041058454,0.0034714329619865225,0.0,5.786328039278032e-05,-0.0006735638937783506
0.12842999999999663,0.7075000336409281,0.7075,1,-0.000711882914704347,0.014761216733104448,0.010254883396705168,0.014970493247150784,0.022219304945294737,0.022814193893524078,0.019039723419414258,0.00450558969716127,0.02729974356920877,-0.0033306629145124587,0.010367706964706826,0.011965979079189424,0.01556082238403235,-0.009310824526045848,0.03371177342494661,0.02978235909247303,0.04724451024601194,0.051659039046387537,0.03338172264417039,0.033861526457214665,0.027421907933912165,0.028149874559028093,0.05643638746585566,0.05456809245082411,0.00940673509269061,0.011862046185797795,0.0,0.00030407541596559894,0.0008736966514237565
0.12842999999999663,0.06849999867619445,0.0685,1,-0.0040429102052587495,-0.006274581668062353,0.0026227450065590572,0.0036490371696828562,-0.008265160746963715,-0.014780542120161612,0.0044689689629009875,-0.00558431968662319,-0.010449028332974421,-0.0017204001493362853,-0.005264829588141993,-0.0032148136253027813,0.0015541172524027047,-0.014447428870271893,0.002455453462589503,-0.001026165933372738,0.008130399472860858,0.01015759429914283,0.00020647041438564884,0.0026769001837945437,-0.0012985744572804948,-0.0017788035265490975,-0.009041771357648259,-0.009443806914508173,0.0025008854612804045,0.0016479373735054992,0.0,6.625397389825594e-05,-0.003433627174349567
0.12842999999999663,0.7250000350342022,0.725,1,0.03664778258052877,0.04709384864742759,0.004318737502273962,0.030750800754307618,0.02912926989506772,0.02198490568480395,0.012819946799864397,0.04602087266469255,-0.00914869598563655,0.0034509738734520568,0.012290749672416581,0.012790309776189446,0.01374321679097875,0.02123203781339697,0.036000467659868744,0.032773309346286084,0.046565712388583334,0.047791092070554694,0.0389258815619732,0.03458405013605656,0.019493356929014282,0.023866254171997524,0.02157185465406627,0.01889128863295156,-0.004447411703693263,-0.005388933303873387,0.0,0.00035541073704166594,0.0024629452836144594
0.12842999999999663,0.2815000122183094,0.2815,1,0.01130977438396016,0.025936290621291675,-0.00331472369395712,0.005686965776171178,0.007678470414186904,0.021002231244419533,-0.023546992541381685,-0.016149067317035703,0.0043481334945846585,-0.01270512575465915,0.003537654429939323,0.0072768290733536386,0.004617552149720722,-0.002441247629792258,0.019445347613616236,0.015076510006579724,0.02478548456176071,0.02764400786435374,0.013189417045972221,0.013749875706584192,0.00844636685265037,0.010086257205284993,0.0019673419055489206,-0.0002744472267656306,-0.00863944154005651,-0.008673147054396394,0.0,0.00018377833122372068,0.002845916295154609
0.12842999999999663,0.665000030234908,0.665,1,0.0024867617339623393,0.006795333574565916,0.008075386941157205,0.026020572650297426,0.039051639062322466,0.05190882416448517,0.02125013223050189,0.0018990596485994615,0.029007050841383376,-0.0006414959137336496,0.01203754795190264,0.0121379191199037,0.015209546408562176,0.0017224701288220956,0.034094831018100395,0.030716561197575345,0.03155949148097619,0.03648129201478355,0.03354942802827111,0.034263124722321264,0.01638550706686388,0.018638034978474424,0.026488001202041714,0.025742686021823998,0.010735159181187157,0.010172595470184832,0.0,0.00012278969145654628,0.0006597796181188187
0.12842999999999663,0.6575000278727726,0.6575,1,0.0012888247515348895,0.00500976537366256,0.017320848705302865,0.03442950501041679,0.013550299858708285,0.06123270563571864,0.0071848632446580045,0.003601961580532702,0.022497899758365348,0.009516171152036464,0.011727171312957268,0.01508327701511746,0.015156805880653223,0.008874509852035146,0.05083367813879686,0.05578822627156441,0.03415092366546347,0.036885840930331426,0.01850009425802057,0.022635501661747527,0.01644713781024876,0.014794166111880287,0.009918456213237335,0.012756846125760432,0.014498917846616593,0.010407343520914623,0.0,0.0001805557475975661,0.004797730438896508
0.12842999999999663,0.6470000306982818,0.647,1,0.003339458924316432,0.009793921195382608,0.010775814143693765,0.020032902649294897,0.044561341280229386,0.051204005017812616,0.012737657963267566,0.009102811858956556,0.006890232578656424,0.008971210743524693,0.026718936421382865,0.02905942584121192,0.0183432732814299,0.006084069588373495,0.03322871429263102,0.024117533567653594,0.03342162313821461,0.037943371747325615,0.02373110124365212,0.026424275039966007,0.015500207209838095,0.014749495138444218,0.018603465398844606,0.01708558905788607,0.0055271891218694694,0.007960150117974081,0.0,0.00017786509126381135,0.0024843890451887772
0.12842999999999663,0.700500031582531,0.7005,1,-0.00026451190719711803,0.000696619283970108,0.002627744176260194,0.0002523536930971204,0.0031309249788461103,-0.002371035436053148,0.005693900904410469,0.04699228969605997,0.009258448827733332,-0.0012470253682090515,0.008804869024568234,0.01164790540071806,0.011217794380833652,0.018162148217700177,0.042495919252733216,0.0359489642480527,0.055669497978727805,0.053573663939577756,0.04270513541663206,0.04092803606733412,0.02868259086780796,0.028257313297890507,0.055956798819947834,0.05348586229665244,0.008160360162317346,0.009388722974117058,0.0,0.00034274010048648053,0.001872000287519029
0.12842999999999663,0.6830000331316574,0.683,1,-0.0023125936547693017,0.04756146091127277,0.01063264233690262,0.02653731817794579,0.030330012268898088,0.05493806248152253,0.0171593469534848,-0.006825274988575245,0.016049897412391944,0.007720619308203141,0.01940845233930361,0.021069580291756297,0.012791376741079148,0.0008219040788533505,0.04138055719529518,0.0361428773984899,0.040865231324518164,0.04737412352689788,0.02846984059118711,0.028109014109459166,0.019836343477027184,0.022229396141218133,0.010893661804699946,0.010539404516431716,0.0054069092732046894,0.005633863210905474,0.0,0.00025978158202633495,0.0015462243220304118
0.12842999999999663,0.6880000328403109,0.688,1,0.029183789927654972,0.03956922154359915,0.00462779749581685,0.019574760138232533,0.012144349038178176,0.044299389112280776,0.019533428328743413,-0.002838169663591543,0.01590256932594343,0.0051178255098921,0.014256780452570865,0.01316554248051375,0.012835143334252166,0.007534864352960682,0.042208584887131334,0.03458821564647195,0.04801649243975618,0.050105274222735974,0.032280037221968316,0.02968960365996338,0.022876664756116726,0.02530918115353927,0.016672637217751713,0.0130772744330568,0.005585715506963424,0.004274550583734254,0.0,0.00036616452500766173,-0.0003876547909300143
0.12842999999999663,0.07799999853450686,0.078,1,-0.0032626545530968086,-0.004594686373676211,-0.0015199504809429243,0.006840817799589729,-0.0072235479618012735,0.01995140198181673,-0.0032425651045437575,-0.008985833087058666,-0.01107533541769783,-0.006542137307345399,-0.004239041468732694,-0.002096184449193572,0.0010806135888654467,-0.013399662722943049,0.0017191953202679144,-0.0009752930555166017,0.0020680104749531835,0.0033599607479015956,-0.004168100793500003,-0.0016827911220161696,-0.0016885037954750715,-0.0018157434970751752,0.0008113405212563407,-0.0013157768643947065,-0.00450503795632784,-0.0035361291789246254,0.0,7.770238674083885e-05,-0.00047006909661917006
0.12842999999999663,0.03449999674122352,0.0345,0,-0.006997910710474287,-0.00694237590368914,-0.002150413431958498,0.00255149462328518,-0.005439739809594641,-0.015442284211808328,-0.01677756671589961,-0.005924601897942665,-0.03222640006384211,-0.007064759402475715,-0.0019618193823066577,-0.0009937511655923005,-0.0012098500947342926,-0.00945908926437923,0.007777547060235008,0.0030971788695660506,0.009087577697472397,0.0115301120011776,0.0002706494510630364,0.0015670464485680214,0.0005295038390653417,0.0011052497940062266,-0.0037788955442232463,-0.0038852933789598866,-0.005017656505488049,-0.005363811908824801,0.0,-0.0018585080721231861,0.0010483644211046793
0.12842999999999663,-8.014775149112197e-09,0.0,0,-0.001196601943706277,-0.0031786072115777843,-0.00218241170506797,-0.005633433231801064,-0.004356126965363067,-0.00958607171303619,-0.0017613019495209769,-0.0002904458724785286,0.0038498571016179995,6.482909712943297e-05,-0.002617601433321788,-0.005538543761960568,-0.005550079682042935,0.0004961439554803348,-0.013016721737664287,-0.010478798900251114,-0.01759529069247183,-0.01955080300706399,-0.008208621448010404,-0.009726145315229502,-0.003621687748638376,-0.0035439971716652962,-0.0032927864324799926,-0.0023919965013751644,0.0006415666355057681,0.0005631459666746253,0.0,3.679240516561322e-05,-0.000764268751618431
0.12842999999999663,-8.111227217666439e-09,0.0,0,-0.0020045843253264552,-0.0029552587470848125,-0.0023682559840214877,-0.005090816088230241,-0.00543507949288923,-0.008993511733597472,-0.0014696585450049327,-0.002938122722929961,0.0004125395635752227,-0.00024333507031641942,-0.002326475572002664,-0.00493833418110313,-0.004443888186875995,-0.0002585552664274005,-0.01102015057170327,-0.00837186239317914,-0.01563682206259358,-0.0174889157480618,-0.007261366502805231,-0.008589362260013047,-0.0026606519768937174,-0.0032066329846901455,-0.002339611140440745,-0.001120059364770185,-0.003997589419553691,-0.0036022004579011123,0.0,3.3267318904961485e-05,-0.0001147141952881725
0.12842999999999663,-7.974161858603779e-09,0.0,0,-0.0019262946353524413,-0.0032050538944507424,-0.002111180695745922,-0.0056933320414820085,-0.005687489900237459,-0.009728824067556232,-0.0017171246400785733,-0.00020474817654402954,0.0038412872975621326,0.00015757376156685154,-0.002388903419867745,-0.005154527327635776,-0.0052430376791259906,-0.0009866907174260575,-0.01188979813666311,-0.009225899895906142,-0.017825255580241083,-0.01950413199666869,-0.008201610975969657,-0.00951607164417453,-0.003534719187055657,-0.0036107084888490704,-0.00328243070616832,-0.002250627660015514,0.0006828619106772749,0.0005310535537208238,0.0,3.6055392139076046e-05,-0.0007903784226098765
0.12842999999999663,0.012499994038127238,0.0125,0,-0.004901125056456692,-0.004816338979448744,-0.0032900110116335667,-0.008794221471291764,-0.006670509918112657,0.0027022882909494682,-0.004862477537315186,-0.0041773196385318555,0.005464331751986435,-0.0011250692947496078,-0.005736094464563451,-0.002794539123573259,0.0009086330292711864,-0.007441785581612947,-0.015316057527639088,-0.010929104546206077,0.006468457164908443,0.00845945146297737,3.483182628144732e-05,0.004094979411029555,-0.0066788627065008654,-0.004780301605277373,-0.017458270734887833,-0.023752128246242135,-0.00480090649670899,-0.005110180323456461,0.0,3.222420901465739e-05,-0.0006598988440794074
0.12842999999999663,-8.060887624061763e-09,0.0,0,-0.0019983368463119076,-0.003021289162635483,-0.0023227100344265493,-0.005429993828518818,-0.005909188301086772,-0.00908374976155308,-0.0025736570700109953,-0.0014624896630616036,0.0038341328508037977,-0.0003474659080973197,-0.0023647832915081324,-0.005282864577538646,-0.004665887838251734,0.00030112604392698475,-0.01157088574971702,-0.00932458136333823,-0.016024955778814166,-0.018281441605449516,-0.007675155250191068,-0.008879720083974973,-0.003017834162598234,-0.003237949828762936,-0.0033098838540535167,-0.0021645326891139407,-0.002313295035742584,-0.0022222135045083034,0.0,3.585029158500674e-05,-0.00011625205793450277
0.12842999999999663,-8.169692367054893e-09,0.0,0,-0.0013653317871463245,-0.0031556628253623133,-0.002149332838879943,-0.005455308052198511,-0.004603680113890363,-0.00927981841131377,-0.0019225456598164214,0.0004379566912496102,0.0035087280065026504,-0.00017731708445040795,-0.0028134459176479255,-0.0055698190106180335,-0.005576745937948715,0.00018268184808583498,-0.012484379049619498,-0.010339026530786999,-0.01624265582661696,-0.018552729676971892,-0.007684116939593508,-0.009094933327857291,-0.00314439489682794,-0.0034317451485068773,-0.0029881944620976596,-0.0019739863321069605,-0.0023145066577616546,-0.0021513364475165275,0.0,3.883279545959795e-05,-0.0001271945754502113
0.12842999999999663,-8.237702103786049e-09,0.0,0,-0.0018211554078884618,-0.0030899060530445153,-0.00199635576692053,-0.005338701000164256,-0.005738563836299591,-0.00901467037621316,-0.0018451308239833964,-0.002146427232788568,0.0033809581518823963,-0.0002344396875680843,-0.0025902008214579554,-0.005289623905529055,-0.00512224823036803,0.00014022432223601556,-0.011048042638518645,-0.008246960531081005,-0.015371602881665645,-0.017650710519502937,-0.007212551684907282,-0.008698044186646285,-0.00278244276643786,-0.003115979514799392,-0.002944544779474718,-0.0019086152132777557,-0.003996599092510849,-0.0037147680271659668,0.0,-0.0009249276633995862,-0.00010797807020363593
0.12842999999999663,-8.003870621831055e-09,0.0,0,-0.0013296264295722792,-0.003229011684851244,-0.002082171950178946,-0.005592392550848366,-0.005786521391297441,-0.00949402778198241,-0.0017994425204647157,-0.0007621979703745296,0.004106406778178666,-0.0003524663636848402,-0.0022988684722174925,-0.005390853868175896,-0.004955873436699534,0.0004832737146294619,-0.012509241502738834,-0.00980609859371409,-0.017348517258723602,-0.01906997512343608,-0.00821441115413549,-0.009464049524234354,-0.003573094850934968,-0.003674958479036121,-0.0034509708666042725,-0.002513792448116252,0.00019411223695428248,0.00011880032187931988,0.0,3.693200174069489e-05,-0.0006709688352279385
0.12842999999999663,0.05149999760226749,0.0515,0,-0.009036617522956475,-0.006972631302122636,0.004789161541082194,-0.004889507521323821,0.010039509252094377,-0.0186018938467069,0.003241911025622244,-0.012416281863791028,-0.023018723061900347,-0.0018495933049956649,-0.004933629203908368,-0.0036780834803141716,0.0017283712219128234,-0.002866188150130711,0.002993391683474442,-0.002329217686398124,0.008737373660766821,0.010649520560997416,0.0013797302503917308,0.00530365298764309,-0.0016330436296965445,-0.0006884344596318215,-0.006396940013304402,-0.005723791914304002,-0.010915882887129556,-0.010817724135381467,0.0,0.00010241252576633996,0.0008731468765154205
0.12842999999999663,0.055999999438407874,0.056,0,-0.012715699389037525,-0.0018324123374819123,-0.007119979360124802,-0.004919807773806611,0.003739006220305612,0.0034703575511514373,-0.005108902244753608,-0.014225814219110759,-0.008991266069449467,-0.013647673584882227,0.0007347337477295923,0.002969824594846244,-0.001211838864599315,-0.025599905813255077,0.00833124531216015,0.0022830865840330716,0.007288712453666335,0.011247219376229084,-0.0012298118982323558,0.002258835797818506,-0.0020435800720130714,-0.00465844873421986,-0.0024327884159741587,-0.003884161516229483,-0.002250733535018412,-0.002525892283244957,0.0,8.29240680809562e-05,-0.00043723015617615603
0.12842999999999663,0.0004999922293389969,0.0005,0,-0.0034731244309783448,0.00030704479355286195,-0.0021710215623081553,0.002085403716101908,0.002154189141284917,-0.0011795065935694992,-0.015183690815039199,-0.004733877708641785,-0.029314227049023315,-0.004956367945278401,-0.0012130199851750944,0.0019835037475526463,-0.002123051955890247,-0.006103952012354625,0.005384800107423828,0.0033294313236080166,0.0067175682375754065,0.00917187052007492,-0.006939277222817708,-0.004848254003041035,-0.01161461334080805,-0.012653771582653945,-0.02321910383012657,-0.025379097714649957,-0.0017853828047729792,-0.0016503091788904812,0.0,1.93975485380804e-05,-0.0005415671703508452
0.12842999999999663,-8.033454040878851e-09,0.0,0,-0.0019646577991270318,-0.0031582337234829796,-0.002141740221491766,-0.0056596650159466575,-0.004386087589803189,-0.009462432998239408,-0.0018527696702520656,0.0004738930942076536,0.003965213169331463,8.947514713199212e-05,-0.0026456317923390315,-0.0055222333359481015,-0.005626134522430846,0.0005184254547508261,-0.012949150734814695,-0.010230319507335075,-0.01769467207073692,-0.019631008814778993,-0.008361257642601032,-0.009774381195738471,-0.003631965044453125,-0.003789942888103326,-0.003240863685086417,-0.002360870181036265,0.0007108855419922123,0.0006184078311834185,0.0,3.8783747305330964e-05,-0.0007610735856081874
0.12842999999999663,-7.949272684548703e-09,0.0,0,-0.0020967459748069926,-0.002912775592872521,-0.002534637016742991,-0.005145782169175775,-0.006021759249663035,-0.009097740183243346,-0.0021703613825522438,-0.002519286938586873,0.0038661659977357486,-0.0002840254795998476,-0.0021998937500443106,0.0002359868603421944,-0.005175178659279283,-0.0017122637614235714,-0.011760569350675106,-0.009459484138829168,-0.01701327558478951,-0.018705737470501874,-0.007821460858776419,-0.009099176334411397,-0.003174629352017604,-0.0035496615169748223,-0.003498893029807633,-0.0019259312191445587,-0.0024026226964900844,-0.00224723241448352,0.0,3.52312439696334e-05,-3.826792642442456e-05
0.12842999999999663,0.02499999607835207,0.025,0,-0.008566202637243236,-0.006092297923668468,-0.00031877951917948623,0.0039880537650560655,-0.0035541564840622184,-0.013625180576689787,0.00223311567758401,-0.009503376206422444,0.006557296109935464,-0.011912450737895881,-0.005119987228158038,-0.0034117607908036975,-0.006192155106010091,-0.015821710870387733,0.0011040297024175062,-0.0025571352876772833,0.005439958601987485,0.007105375686828097,-0.0017641844644330717,0.0012789720586036423,-0.004104854558006537,-0.002592699166202692,-0.01417873523396821,-0.013962190467618428,-0.00198757403322702,-0.002915485172780166,0.0,6.176587808568002e-05,-0.0030176549377080165
0.12842999999999663,-8.13808859190246e-09,0.0,0,-0.0013659694394161548,-0.003146740981368126,-0.002168623063058348,-0.005456323606683142,-0.004572631215797002,-0.009384457873903714,-0.0018794230289428525,0.0004463098663399023,0.003547028876534597,-0.0001973295324518176,-0.002821827938590751,-0.005578689890815696,-0.0056010314737680745,0.00021123644976867695,-0.012515024309141386,-0.010459074335701235,-0.01634460029931535,-0.018705185312141027,-0.007740270468785723,-0.00916365684589195,-0.0032141687093427684,-0.0034852451782941786,-0.0029872157720463475,-0.002035146535315846,-0.0018696329154995793,-0.0018610500478114743,0.0,3.9058985991573535e-05,-0.00012032354263741496
0.12842999999999663,-8.053763878024256e-09,0.0,0,-0.0011983109984740636,-0.003218347100202763,-0.0021888494771048882,-0.005643579694264389,-0.00493994193021674,-0.00965662172377769,-0.001687838905117509,-0.0009164965983275409,0.0038479649657597293,9.991405519102159e-05,-0.002551615668016716,-0.005423527526676821,-0.0053213499699039345,0.00043082035664610886,-0.012549493905923671,-0.010047870128384595,-0.017024530357487924,-0.019079275012514784,-0.008029488483553423,-0.009400158082093952,-0.0035973775465286016,-0.0033255483876520487,-0.0031918800261837178,-0.002310962210084373,-0.00033189271067584513,-0.0004231227632588741,0.0,3.619319875582505e-05,-0.0007868214236883375
0.12842999999999663,0.033499996295986434,0.0335,0,-0.0021040469746890266,-0.006183781167069497,-0.004286815353243299,0.0010702339457316157,-0.008458684955600688,-0.012888004149995424,0.00555457277575357,-0.005685920754696667,-0.04733992028202238,0.002205562334894466,-0.0027108592268751865,0.0020015306758222095,0.002481100170624586,-0.003086270246586196,0.007663581393882595,0.003520404356334126,0.011742288596249751,0.014625759042535833,0.00411548225182429,0.0052714898514813055,0.0013238398135513307,7.355547523758332e-05,-0.028109403747757822,-0.035011656619591776,0.0004152145259715212,-0.00042586434336655543,0.0,8.198810120347843e-05,-0.0007853791936139487
0.12842999999999663,-8.007321777858678e-09,0.0,0,-0.0018248101274450689,-0.0029925858903143165,-0.002350011924123905,-0.005539301987235703,-0.005470153781634081,-0.00901219087135793,-0.0023046537896772535,-0.002790209602928542,0.003951021793696441,0.00010247484212897007,-0.0019192699859985397,-0.004855896243372939,-0.005118325594975061,8.468684751992583e-05,-0.012257594938468728,-0.009462063807532353,-0.01738030228393214,-0.01868836617088917,-0.008056547512147176,-0.009518309841289464,-0.0035496027476204974,-0.003622836108229279,-0.0035168832681830155,-0.0025345507054182724,0.0005695659617785509,0.000389869285571649,0.0,3.4228246910004146e-05,-0.0007973878021505243
0.12842999999999663,-8.219724872970957e-09,0.0,0,-0.0013513248199904027,-0.0032127740231714342,-0.001953796240675203,-0.005352495604386398,-0.005811847565030632,-0.009059136955920337,-0.002370444110603529,0.000547447877326448,0.0034080104639949127,-0.00024169497305422282,-0.0026591631758762445,-0.00529655007272126,-0.005129088129173311,0.0002194446197069766,-0.01137728070273571,-0.00940054814778124,-0.01575637545305188,-0.01814913221968311,-0.007446661317395638,-0.008842494486009827,-0.002913545772260271,-0.003365818450184719,-0.0028965497053633628,-0.002003115879911661,-0.004033262333738748,-0.003924439757655271,0.0,3.844192238545929e-05,-9.581320676087302e-05
0.12842999999999663,0.032499995599916925,0.0325,0,-0.006122406501673936,-0.006482211927586832,-0.003149897000313331,-0.006005461889828325,-0.007573868731114146,-0.009834773645947622,0.00461253841945819,-0.007020207943782708,-0.04502556331094183,-0.00843601550333574,-0.0045480775692422525,-0.002281575456083829,0.0015433441163391138,-0.012833099237450369,0.0032910718161190287,-0.00036586196630395307,0.012736022806232086,0.014083788761221855,0.0033400109773810984,0.0038172687082905555,0.00021894309912511288,0.001269610188784327,-0.009108412797527308,-0.008457205868717494,-0.0011799078861766078,-0.0013664832988158082,0.0,8.596627633323805e-05,-0.0011375390345222058
0.12842999999999663,0.010999994827744497,0.011,0,-0.005447534554724314,-0.004990375606953137,-0.005937349883252665,0.004343962311915561,-0.0050692734795842395,-0.013946669062834758,5.0541731778679376e-05,-0.0086227428704683,-0.00949112717007722,-0.007217199363503255,-0.005139991568229902,-0.0005554511323460076,-0.00113983316393103,-0.012131038759046078,-0.000482293416885966,-0.0013094774415452549,0.005453427197496126,0.00673512134530938,-0.0064785572623364375,-0.004322359798627246,-0.009641337067913014,-0.009195269359561564,-0.011014926969779992,-0.010372389965747289,5.36385696761954e-05,0.0010648485789593566,0.0,6.140476675682293e-05,-0.002687751776796574
0.12842999999999663,0.047499998197343254,0.0475,0,-0.007375627520402759,-0.00787281169713424,-0.0012418414766352725,0.001089154988029577,-0.001273329483848329,0.0027153410105790953,-0.001216768257292813,-0.011497580179848229,0.007696442586130843,-0.01423548260977583,-0.004016520405340316,-0.003744107922348121,0.003525198350222638,-0.02223115779630689,0.0015617772116894458,-0.005020955083207355,0.00804534917399451,0.011199694983644122,-0.0014768593262260766,0.0012602463834625155,-0.004259156906371118,-0.003802837568882751,-0.013895901707588223,-0.012425248449212348,0.000646774029726771,0.0005308411743286002,0.0,6.494841795301909e-05,-0.003679583721993822
0.12842999999999663,-8.118517996758001e-09,0.0,0,-0.0013470715853194193,-0.0032066158743236173,-0.0023650243030194674,-0.005467914875381155,-0.005916620415166278,-0.009428121300263612,-0.001687295126462942,-0.0009357834656756836,0.0037397460651570212,5.235676022437019e-05,-0.0025809421604523664,-0.0056001209842879976,-0.005138760161762974,0.0002366400595029461,-0.012140109685509586,-0.009955637140027864,-0.01615432797714238,-0.018397725880581105,-0.007619046789817361,-0.009032674268299417,-0.0032256763355469785,-0.0033203611499672547,-0.003087688958343513,-0.0020365750524862845,-0.001863426021950687,-0.0018705820148311857,0.0,3.67494620030584e-05,-0.0001173989387828911
0.12842999999999663,0.025499997364850188,0.0255,0,-0.009304511280966495,-0.000427168719947133,-0.00617173622585355,0.002111825251362802,0.0008183776182988823,0.008713765947189528,-0.03684489947137685,-0.01447776365814633,-0.0312776175091993,-0.015633709398908024,-0.003657083545603257,-0.00011528320490356237,-0.0058831539742440955,-0.012088770188750573,0.003352571502801567,0.0008965849735035114,0.010453072803278474,0.014102932662499085,0.002808664910647565,0.0063723071484872666,-0.0007486637378976013,0.0005472577371007503,-0.007800857813656564,-0.0064913168295594485,-0.0011078916022468376,-0.0008253646093264421,0.0,5.961382138281124e-05,-0.00031118524111263925
0.12842999999999663,-8.018543301568926e-09,0.0,0,-0.0011884466391093795,-0.003185904651098426,-0.002207313401716924,-0.0056527494299025705,-0.004342342512488777,-0.009649055123742655,-0.0017536619777158435,0.000436745184257461,0.0038384795735004217,0.00021914656877768834,-0.0027375496700348025,-0.005574128900422579,-0.005524681772801188,0.00047244969053522823,-0.013028431875501614,-0.010763610245248252,-0.01748615594684029,-0.019524148784418997,-0.008261204422744157,-0.009655885391114935,-0.0036952669374392677,-0.003673186752047286,-0.003264173695710433,-0.0023995287903214014,0.00043846561056980703,0.00046595385957246547,0.0,3.856423067958303e-05,-0.0007723858160127861
0.12842999999999663,-8.041603105635176e-09,0.0,0,-0.0013106762675652206,-0.003185294260070819,-0.002151232588576377,-0.005598564291412344,-0.00435412473060353,-0.009489053668624408,-0.0019082485694791628,0.0004563112713778139,0.003947191883945465,2.9497744078952338e-05,-0.0026705916966283994,-0.0054736242056441144,-0.005615764571721797,0.0004747474889899195,-0.01285297959504982,-0.010528892086765431,-0.017534446538642535,-0.019530874258605734,-0.008264542989675761,-0.009699061442330646,-0.0036927615285815385,-0.003657740499370448,-0.0032237704872623498,-0.002430058192476512,0.0003583798151814221,0.00011467389265902739,0.0,3.87899355800414e-05,-0.0006772976043254175
0.12842999999999663,0.003999993051600509,0.004,0,-0.002864258080701063,-0.004017048204176774,-0.0025614794043394796,-0.007510036884715987,-0.007867730965515136,-0.010110964167583347,-0.00395907400631188,-0.003519806472151572,-0.025308646455173972,-0.0038617145166733734,-0.00480329226528994,-0.000638298011616314,0.0013694799294884773,-0.0038871589494104343,-0.013360906622534686,-0.00886634847666528,0.006634529129451891,0.007534127126066892,0.0014790685396312141,0.004011644788236595,-0.0034388656219880433,-0.003375348075086322,-0.015198237755870708,-0.02046698772256889,0.0005640453234104825,0.00011311475237704371,0.0,2.6742065620055656e-05,-0.0005465559443055668
0.12842999999999663,0.03299999573916283,0.033,0,-0.00617541411893697,-0.006082057676452166,0.002082459048524896,-0.006622944430184248,-0.01030678949143578,-0.01640897743176822,0.0012689465619132533,5.889482523940614e-05,0.006049165863096562,-0.0099322383093984,-0.00529315664343045,-0.0012757154035776353,-0.0011907978573880485,-0.011290465293734541,0.0029978376967211774,0.0013848632967719255,0.005046857095623239,0.004070814293024227,-0.0054619587355460904,-0.003252877647744157,-0.008275583017891962,-0.00765898972721601,-0.006927427253763199,-0.004094931085800227,-0.0021201546662038594,-0.002443881802832664,0.0,5.21903000446855e-05,-0.0036276726484885556
0.12842999999999663,0.0009999920559945197,0.001,0,-0.0042308521122579636,-0.0001243550462746157,-0.002325275032752749,0.002550150799360793,0.0022791068501180687,-0.00040650594795806685,-0.015394569677901409,-0.0020378828125574345,-0.026395518426680625,0.0014453141400269942,-0.001992229760312014,0.0016391987204519155,-0.0014878701574816944,-0.0004712377041928306,0.004590451864658185,0.003035703008531279,0.005108709819252297,0.007658587012098934,-0.009173985478082472,-0.005679010305169072,-0.012652298162466841,-0.013480508872519862,-0.02412649089664969,-0.02738353242237828,-0.004008683857350377,-0.004062561599411794,0.0,-0.0012588781330458688,0.0009550162469430745
0.12842999999999663,-8.212940300067473e-09,0.0,0,-0.0013223516399074597,-0.0032003875066160246,-0.0020844173061424697,-0.005348069460410123,-0.0044853947492654814,-0.009181683166224842,-0.0019503257574588417,0.0005703868831932368,0.0033950768394913665,-0.00022163472556187004,-0.002686176881854152,-0.005434742180984102,-0.0054538378666164535,0.00011625828400987359,-0.011973401307419387,-0.00957670034323927,-0.016071610172161854,-0.01827149238633666,-0.007479481566812467,-0.008898075380552229,-0.002929204086623223,-0.0033653116211989696,-0.002930128789638822,-0.0018539802568889741,-0.00401349063144579,-0.003726120603853609,0.0,3.8868509756753154e-05,-9.25803421750615e-05
0.12842999999999663,-7.964685327932486e-09,0.0,0,-0.003181991173151175,0.001703429795913891,-0.002804945974991604,0.0018527012277425926,0.000966782755877631,-0.001231769022891953,-0.017031725047843952,-0.0029669861262176765,-0.030689879288576662,-0.003856479877538881,-0.002338504555150678,0.001339206724457185,-0.0022834446634281847,-0.005245836861918818,0.004576210417428541,0.0030466730874476777,0.006504435122343395,0.00878262229181857,-0.007528849279889869,-0.004012020080896548,-0.010949152367677897,-0.012049717954599259,-0.023056712266166013,-0.025802240521258558,-0.0007100084507537474,-0.0008071445814200829,0.0,1.889953256636545e-05,-0.0006735608259062432
0.12842999999999663,-7.905163440513618e-09,0.0,0,-0.001889180522579359,-0.0032167927524263716,-0.0021535937278719785,-0.0057514218960628225,-0.005690632551534804,-0.009736566982033068,-0.0016785569396404654,-0.0020913894720958125,0.0038317330066101364,-0.0003183794752811764,-0.0023434304187659903,-0.005457384064890931,-0.003687563686135604,0.000613914297493423,-0.012253959945374203,-0.009706040324917176,-0.017479682289553048,-0.019182387514459266,-0.00810814175725639,-0.009779361739936264,-0.003520994038736749,-0.003617208754240835,-0.0032607718995553724,-0.0023660013049461703,0.0005887072115069714,0.0005592759877603725,0.0,3.7536508350228815e-05,-0.0007717328585873418
0.12842999999999663,-7.973698423757725e-09,0.0,0,-0.0012068829681000537,-0.0030363954414777796,-0.002324608115164892,-0.0057295349721314896,-0.005698429795854878,-0.009425961910040215,-0.002164555840747724,-0.0021476525493328326,0.003995667982169096,0.0007597899363558725,-0.0023208001238139886,-0.005267242099272523,-0.004936513629110237,0.00045626132418988166,-0.012379579688940599,-0.010247947683167542,-0.01705748928254536,-0.019103156714362513,-0.008073319728594583,-0.009390920290515367,-0.003586256874414797,-0.003521732642184077,-0.002496636494252691,-0.0015744189780397733,-0.00011195730180290298,-0.0009812294035067737,0.0,3.6399173360166515e-05,-0.0008949038623964612
0.12842999999999663,0.0004999922250167876,0.0005,0,-0.0022025178212938456,-0.0036324378947053047,-0.0014032529949287208,-0.005170997660149794,-0.006135497689489284,-0.008860730707787211,-0.0010841844291113033,-0.001998251779264706,-0.0004924884592156786,-0.0032076495705798892,-0.0018693075070402188,-0.0043958493869679675,-3.7160973155891953e-06,-0.004622502443198755,-0.01084434414010932,-0.009204796919528349,-0.014570486375627674,-0.016574293765892065,-0.005675426640602268,-0.00803272299765922,-0.0034554514025633407,-0.0027308725922297584,-0.003949726966982397,-0.003841738878644918,-0.001593881643961197,-0.0017707669772458702,0.0,3.197980073423423e-05,-0.0006380938336194219
0.12842999999999663,-8.032473408636776e-09,0.0,0,-0.0023514414152480258,-0.003180997765690776,-0.0021693827266925326,-0.006027434596662147,-0.006221204426194049,-0.00823141309840679,-0.0026176755924076645,-0.002095886157915885,0.003441964012936154,-0.0003916471878572736,-0.001984450014945054,-0.00511390722476051,-0.005149955782649727,-0.0006411521654186459,-0.011829785847943341,-0.008789964939296784,-0.015370381483799917,-0.01761647946448008,-0.0064346625265760335,-0.008047398077232799,-0.0022246653544803507,-0.0012505712649125656,-0.004305445589604808,-0.0037355982757021878,-0.0030863020890032544,-0.002823482100149022,0.0,3.688474328725988e-05,-0.00021757162066322167
0.12842999999999663,-8.220485570031855e-09,0.0,0,-0.001331788910920757,-0.0031971865292063483,-0.002070346389787048,-0.0053850717278040965,-0.004471139698394779,-0.00914267610065707,-0.001956423521910864,0.0005896760542655954,0.0033221094827862886,-0.0002267292440795643,-0.0028405827262464813,-0.0054331395321098345,-0.005490728645045379,0.00020303048027507488,-0.01187928341674283,-0.009552286973557091,-0.015829828743677474,-0.018305430013350873,-0.00744216149824382,-0.008857324383641299,-0.0030231622913893474,-0.003322844405855534,-0.0028352820228279897,-0.0018996640199767966,-0.0040710911455693125,-0.003877663239964413,0.0,3.8749462125338143e-05,-0.00014173851897549382
0.12842999999999663,-8.209469715136919e-09,0.0,0,-0.0012920111298051395,-0.003198085644302573,-0.0020835253228758434,-0.005385517434553115,-0.0046922571330006236,-0.009160443238552318,-0.0019581646273128684,0.0005947411678322112,0.0033328511881614985,-0.00022745143788824863,-0.0028298381362311885,-0.00540518691309714,-0.005501843323800699,0.000233364774158602,-0.011695714045699149,-0.009445660538044614,-0.015841924288688355,-0.01827678589124645,-0.007433596865943457,-0.008854852160250176,-0.003021581246378524,-0.0033222104009131216,-0.0028140695528438542,-0.0018761659597353742,-0.004193088988102715,-0.003977486130641132,0.0,3.848358908442151e-05,-0.0001419885187963743
0.12842999999999663,0.0009999919076529307,0.001,0,-0.0022590395751240066,-0.003011584723638947,-0.0016970347560909716,-0.0040840551151654836,-0.0039134017580147425,-0.007658449149068467,-0.0026719163760860454,-0.002029837970930828,0.003468802587317441,-0.0005126881558909701,-0.0030323462638398267,-0.0009405333460800592,-0.004539283741655282,-0.0016331470324787744,-0.009876143961723614,-0.00671692011573839,-0.014270084353579335,-0.016089941023882517,-0.006784154573612966,-0.007810411660436785,-0.0020955153071493273,-0.0023462624238028695,-0.008769679652098149,-0.008975892119574952,-0.0038839005294670414,-0.0040307449784079095,0.0,-0.0008098252152944951,-0.0004560168008283938
0.12842999999999663,-7.98404856117152e-09,0.0,0,-0.0012174811460539915,-0.003308299582430365,-0.002259797226484963,-0.0055603342370108425,-0.004331701514302609,-0.008938421009878041,-0.0017429183617095846,0.00045322872224076607,0.0038262019441576457,-0.00030120512196873505,-0.0027569681659318237,-0.0055203609717290195,-0.005164211425712466,0.0005623115015650626,-0.01307958681975956,-0.010868961476580967,-0.01716291693235778,-0.01939661277352897,-0.008249446635345947,-0.009499872691904016,-0.003695668805972492,-0.0034436244396179915,-0.002924145930786146,-0.002615011164919707,-0.00019887786914452477,-0.000296506482030594,0.0,3.858015915142232e-05,-0.0007773995259989874
0.12842999999999663,-8.021227293486533e-09,0.0,0,-0.0011910191509284474,-0.003187237262919993,-0.002196623285565629,-0.005653911045526883,-0.00430477558899522,-0.009598771389715708,-0.0016983861815079494,0.0004537816206372725,0.0037736274769721943,8.12600140965003e-05,-0.002791026946704953,-0.0054799499662465225,-0.0055115730055582905,0.00047881657316679594,-0.012933273681017514,-0.010691313161410783,-0.017202161879257893,-0.019332966230110032,-0.00822146361790672,-0.009598081454445975,-0.003700987358910819,-0.003573992842728586,-0.0032572543203188433,-0.002389770670836757,4.8861506571142854e-05,-1.9858042745255488e-05,0.0,3.8338040179439756e-05,-0.0007702961694884891
0.12842999999999663,-8.168040493972129e-09,0.0,0,-0.001365532183878777,-0.003163029889211728,-0.0021454260923001556,-0.0054558417825976945,-0.0046000313040291015,-0.009280352141456021,-0.0019227123264667512,0.0004403674057641638,0.003507960149429863,-0.00017731708445040795,-0.0028121423461792004,-0.005569551153603101,-0.005576716176153411,0.00018268184808583498,-0.012484379049619498,-0.010339026530786999,-0.01624265582661696,-0.01855956301025387,-0.0076804681297231525,-0.009094933327857291,-0.0031449107697465806,-0.0034317451485068773,-0.0029881944620976596,-0.0019739863321069605,-0.002314709038777352,-0.002149431684906844,0.0,3.883279545959795e-05,-0.0001271945754502113
0.12842999999999663,-7.901897330908625e-09,0.0,0,-0.0015828619798963928,0.0038030632101690286,-0.0022893281153796964,-0.0051039545873439,-0.0063560992897176045,-0.010604232480541568,-0.002260447300324939,0.0004629071538402485,0.003194392910432242,-0.00012332927462818332,-0.003414120415881996,-0.0013025741543067682,-0.003664283419326324,-0.0024535355122827698,-0.012848711188452775,-0.009900477003998018,-0.016607436228279083,-0.01987816552590573,-0.008355127110077944,-0.010223009118422085,-0.003348719614735387,-0.004394462632232035,-0.0027027909935744532,-0.001332867228846366,-0.0037944187949891274,-0.00403300229113384,0.0,3.9471864710662885e-05,0.0006441112192308651
0.12842999999999663,-8.021460357054977e-09,0.0,0,-0.0014756583341898023,-0.003179370730406248,-0.001891456345527871,-0.004792968525586368,-0.005061411132316494,-0.00846474651250439,-0.002581403557501574,-0.002285662655712315,-0.00018076219160775508,-0.0021118351474180485,-0.001915573721727526,-0.0047950881464068115,-0.003853703498337211,-0.0012646157014769698,-0.010337967106134353,-0.00819522262556756,-0.015335292900210788,-0.01698249118705121,-0.007251788327590134,-0.008820702229168092,-0.003037813703691956,-0.0030590702179266317,-0.004258182255353659,-0.0037351907820692533,-0.0015146477457956564,-0.0014990973563440947,0.0,3.4479620501599585e-05,-0.0005827650043357835
0.12842999999999663,-8.025858422300303e-09,0.0,0,-0.004126037588370792,-0.0005610345386396176,-0.0024547782576504317,0.0018609503162604567,0.0017145461344490799,-0.0010431354876023135,-0.015122631934694653,-0.004383996559438969,-0.028898863769071567,-0.004121243283631344,-0.0018434202181713032,0.0017038309175931943,-0.0020424728417958705,-0.007199689831428486,0.005288564790872669,0.00261417944612381,0.006644735328707228,0.009036930122985893,-0.006849404113642237,-0.004769784658498964,-0.011477564917165353,-0.012216885381563004,-0.022183410544180118,-0.02427031679305131,-0.0015869168814005264,-0.0015778903715199276,0.0,1.8153500836461944e-05,-0.0005824206121670272
0.12842999999999663,0.017499995843516705,0.0175,0,-0.009727901587376664,-0.0043654928781717214,-0.0024340070549887117,-0.0010028004090601428,0.0009768794601866658,0.002740837276658539,-0.006611235838462903,-0.010327851973540731,-0.054549040052993686,-0.006327552461213486,-0.002765675570385753,0.0006110867377901741,-0.005669660595416559,-0.010430712275621801,0.0054241395978043274,0.0015987395529997173,0.011879531556807307,0.014117715712653195,-0.009244747144942238,-0.0075905362186836104,-0.014866013010868926,-0.015001296236797827,0.006540614956407466,0.006078778272304817,0.0006415677959479638,0.0005403438871929823,0.0,4.9875545099666854e-05,-0.0012155911998080172
0.12842999999999663,0.03249999778435837,0.0325,0,-0.008957257163784363,0.011187857520557998,-0.006888264802742583,0.0011516616728447105,0.004209980388501009,0.009618744397130143,-0.04018926109230478,-0.015224649147641146,-0.03390018712848757,-0.01651133118645589,-0.004876958723152427,-0.00019976891965129085,-0.007607242087476749,-0.012377282881426623,0.0046269353578476564,0.0013745724918024394,0.012024057026169998,0.01552660958602644,0.0023662635032084722,0.0037668596512138207,0.00015154321036547457,0.0006796318289795522,-0.006364601952162303,-0.0054693072312997516,-0.0010021077272620005,-0.0009369058567716593,0.0,5.871549751873317e-05,-0.0021683084471855805
0.12842999999999663,-8.028197162612827e-09,0.0,0,-0.0012172595921144946,-0.003231016470977792,-0.0022174057537439396,-0.00574508907967342,-0.004319769458602672,-0.0096786044091494,-0.0016420178347162917,0.00042835521143999247,0.003782246705765999,0.00017062167297268615,-0.0027112807163406317,-0.005538649827076085,-0.005479884427071084,0.0004088769936066683,-0.012802643086356315,-0.010580072714539136,-0.01710739147443636,-0.019233869896136752,-0.008034874669108518,-0.009446415300048869,-0.0036903113497171167,-0.0034164816487411544,-0.0030760205310167168,-0.002257750085421666,-9.884291559686176e-05,-0.0008377842263851676,0.0,3.796700839160394e-05,-0.0008946401534002746
0.12842999999999663,-8.030215353782566e-09,0.0,0,-0.001179509770942566,-0.0030944966369680317,-0.0021563096105291636,-0.005606642754127762,-0.004183099651318117,-0.009501978453644498,-0.0017837168152559358,-0.0020337030194377804,0.003846304068951696,0.00019803094601471117,-0.0024080685964231563,-0.005416237304421827,-0.005477285665560174,0.0004859338209084285,-0.012797255561744637,-0.010181020673391251,-0.017241304013453522,-0.01925630479044699,-0.008133227501660229,-0.00964438629222414,-0.0036620057519809813,-0.003543621452805894,-0.003342324424398946,-0.0024679093895565,0.0004213680950738308,0.00045454068714818164,0.0,3.627460348837985e-05,-0.0007620521215051212
0.12842999999999663,-8.211746144182186e-09,0.0,0,-0.0018682320840142453,-0.003054953514110892,-0.0019414551769363442,-0.005305095557086439,-0.004318326559382939,-0.009010277793718444,-0.001912505893369456,-0.002233986430346704,0.0034031628809809435,-0.0002192991725610227,-0.00255251593396153,-0.005318638043560924,-0.00538977130347007,0.00010508391853512933,-0.0114630758219403,-0.008546827626270091,-0.015709115912640924,-0.017955935491031597,-0.007366339907260056,-0.008836161595176435,-0.0028965274972861366,-0.0033030186947404163,-0.00301080640912577,-0.001882043876597237,-0.004021705819950086,-0.0037547697765029043,0.0,3.5497116998044475e-05,-0.00010236623721592509
0.12842999999999663,-8.105513288336752e-09,0.0,0,-0.0013958383079651427,-0.003165591532859011,-0.002153370260052796,-0.005434631945423334,-0.005860464260598235,-0.009452031558657481,-0.0017964273503785933,-0.0008336625109924967,0.0037098919884047633,-0.00013385351220875918,-0.002563111114265517,-0.005515209367426479,-0.005094925105352104,0.0002177573708102898,-0.01210932830954869,-0.009875046350097722,-0.016279880501481044,-0.018401113149632237,-0.007644333669700103,-0.009063803557877606,-0.003210754379389922,-0.003373865205020934,-0.0030918763966848316,-0.002064031179106394,-0.0018727413186188358,-0.0018936665678079834,0.0,3.721374777057918e-05,-0.00011531380134929492
0.12842999999999663,-7.861759881988561e-09,0.0,0,-0.002771674769793009,-0.0034504571294569075,-0.0023899830773332553,-0.004252358253727522,-0.006066893556786965,-0.00832828153609931,-0.002599968412069984,-0.0004936348703893145,0.0038160458707258726,-0.001420848346770498,-0.0017454954994259708,0.00012695554513172168,-0.0035738106975824733,-0.0028081135084742927,-0.011284049698071109,-0.009653495367260945,-0.017549093285576873,-0.0188234643870868,-0.008028005109185728,-0.009406642148297095,-0.0030591857018404767,-0.003672004585901334,-0.0041133474064109525,-0.0032229079033005803,-0.001680031820976211,-0.00183398417157683,0.0,3.428084695713096e-05,-0.00017955888117683117
0.12842999999999663,0.08549999895875915,0.0855,0,-0.004595661099314441,-0.00539352587097369,-0.00572813955876299,-0.00897604047726702,0.01701632097074949,0.014137090369519854,0.0016502400449553533,-0.004817542127187835,-0.0209750030533786,-0.0034785063115023718,-0.007314998549792335,-0.001960313769078397,0.0006661294489461511,-0.002863755747298171,0.004709368113760206,0.0031378331940246085,0.008677556148764722,0.01229120517466356,-0.002904974090425014,-0.0006875037253379901,-0.006662478496652255,-0.007515714617186972,-0.013229643519984933,-0.011947584859549353,0.0019242660245279808,0.0013165221216911505,0.0,6.571032274052868e-05,0.0005291428981112745
0.12842999999999663,0.017499995700566734,0.0175,0,-0.007370490457169865,-0.005930176870874107,0.0005066191701322964,0.0016856690782000782,-0.013411359470557044,0.00396444337184505,-0.0006452396698281859,-0.0070356511727106864,0.006533143333030296,-0.00969002834659534,-0.008155960705288123,-0.004195750200544381,-0.0060435797116625166,-0.017382613914229808,-0.00028841821985594153,-0.003041063534768682,0.005147768293913089,0.007492106073308378,-0.00205494042829514,0.0007939725715183954,-0.004977813098750517,-0.005137297784062014,-0.014389030164623477,-0.015043591507791235,-0.006029367239284511,-0.006656768420827461,0.0,7.643254543950207e-05,0.00034898218090205545
0.12842999999999663,-7.971389270888807e-09,0.0,0,-0.0034705214956066753,0.00177170108932593,-0.002864507126838518,0.002459128260403922,0.0011387642734979409,-0.0011384373876329335,-0.017183339382372313,-0.0027598264232808842,-0.02995126102977068,-0.004203991009929417,-0.002350818054054287,0.001315232337972887,-0.002215481281494931,-0.004140371740339717,0.004591678929942305,0.0030562152698474067,0.006623310755970308,0.008938529656861363,-0.008126251516693515,-0.004512971741596345,-0.011170952161337623,-0.012673415150331095,-0.023306209399181536,-0.02587159398926465,-0.000501910915997712,-0.001191304783271754,0.0,2.0477218926089334e-05,-0.0007118811751394461
0.12842999999999663,-8.218627917111476e-09,0.0,0,-0.0018874752720971699,-0.00317798613160555,-0.002051455516324765,-0.005387867182431272,-0.004499490892040683,-0.009185963804654022,-0.0019422628067100333,0.0005503784329077633,0.003365335855625915,-0.00022691160318558446,-0.0028524577270009387,-0.005487480806076945,-0.005517919124540214,0.0001668896028704836,-0.011824689976863034,-0.009197465344139335,-0.015881253348312505,-0.018167207780020362,-0.007444659332998924,-0.008836556524002503,-0.002920799188402121,-0.0034122271674995376,-0.0028086032695113163,-0.0018489396293961135,-0.004016843125764637,-0.0038365777382606938,0.0,3.8868509756753154e-05,-0.00013838732794720698
0.12842999999999663,0.0004999924618529494,0.0005,0,0.004341960006392221,0.003814323495206935,-0.0027919465864486882,0.008004311721031634,0.001683429718127485,-0.002543876994408407,-0.019080050475402663,-0.003915391909670376,-0.03318387260010979,-0.0011326969659836905,-0.0021657997388500405,0.001462280661827009,-0.002274779710542845,0.0012953597155097541,0.005255939366621067,0.003549201451860533,0.006173071121961797,0.009296431336296571,-0.008189941292357332,-0.006608871751979422,-0.013803863153447083,-0.014412014544222416,-0.03025055468803231,-0.03213058482526725,0.00010596394935703301,0.00023041500612176692,0.0,3.001569518360725e-05,-0.0006884655469187706
0.12842999999999663,-7.952233010977139e-09,0.0,0,-0.002703123677120942,-0.003247668072321659,-0.0019862398935151402,-0.005718960172094256,-0.005950055547642563,-0.009210921966976215,-0.0024849058412256754,-0.001975455706315614,0.004289740583425896,8.000424834492037e-05,-0.0019334195757566874,-0.004918791144867782,-0.0021372468466779536,-0.0020475717796931293,-0.011395006979443352,-0.008843103045447638,-0.01770494623079319,-0.019162162961845156,-0.008243092998732209,-0.00973861701694588,-0.003618420320462015,-0.003864059675288729,-0.003321227271179481,-0.0023275520470215304,0.0003129784074005215,0.00010562997636085924,0.0,3.4489360780582954e-05,-0.0007203017571755766
0.12842999999999663,-8.407015889000391e-09,0.0,0,-0.0014498505509068593,-0.002903703733380354,-0.0017117873223384094,-0.005337591274908391,-0.003544562583842037,-0.007833933984444848,-0.0034431276880094687,-0.0003823634787352148,0.0035598331226431414,-0.0005193927016097177,-0.0023572722085151553,-0.004714085897511779,-0.005381806914305116,5.284652465476825e-05,-0.010518826714618824,-0.008114929577617964,-0.011788674349732986,-0.0139324945181923,-0.004965025541043673,-0.005575151114419725,-0.0027341970902328683,-0.003358132997531413,-0.01082159029162092,-0.010344674223810984,-0.004872773715248968,-0.004173555209547715,0.0,-0.0008920847827354805,-0.00037109958944924414
0.12842999999999663,0.0019999925481650194,0.002,0,-0.0021630878440485903,-0.003319264824345183,-0.0027211656517254924,-0.004581654638907793,-0.005829813393013267,-0.0093571423852908,-0.0019809579082323125,-0.0031791327626318378,0.004341090829306751,-0.0003535983925804942,-0.0015820881222610695,0.000740713497574319,0.0004704360960809595,0.0014236978109785526,-0.0142394116509724,-0.01110018883398114,-0.018448824315603785,-0.02025489838518311,-0.008559165732287965,-0.010528814165513722,-0.004235393664918235,-0.004791020790079017,-0.0031154249692558265,-0.0018099381201501785,-0.00017705323654766404,-0.00025578757614198367,0.0,3.867063818290717e-05,-0.0008607889602832585
0.12842999999999663,0.000499992444932762,0.0005,0,-0.0025013219311735215,-0.002556678613757555,-0.0031581396744382673,-0.004858540726498717,-0.005493264535063922,-0.010450126176365088,0.0008203927865742067,-0.0007403773579015649,0.004294901481384841,0.0001655954006538707,-0.0036494008495435537,-0.0011594851631271297,-0.0038985134922907604,-0.0016316880158204583,-0.011919335632874102,-0.00895258769239252,-0.018978447348538624,-0.019854288244341375,-0.00884938232467448,-0.010070132235062772,-0.003882517718528966,-0.004573533409251667,-0.003648830625706694,-0.0024672130485969748,0.0005539176506620436,0.00040384111994583804,0.0,3.496231844508202e-05,-0.0009098134967810268
0.12842999999999663,-8.021697389670734e-09,0.0,0,-0.0009978693028338981,-0.003120079320180693,-0.002400097760216333,-0.005564528102815487,-0.0058113728447001375,-0.009212142577562404,-0.0022440122994746405,0.00044717537873026456,0.004031145536825278,0.00012586476053698446,-0.002411333436336065,-0.0053542495560893145,-0.005192301164688757,0.0005324710897862417,-0.01277637079548306,-0.010507624899607429,-0.017552112357497016,-0.019613838544725155,-0.008435387151988749,-0.009716804708890123,-0.003677157140829337,-0.003731388410805039,-0.0033296546363377998,-0.002401232375519502,0.0007173638979436703,0.00047973574624137426,0.0,3.8319461537810185e-05,-0.0007525265067147302
0.12842999999999663,-7.709126337296368e-09,0.0,0,0.004861704298197936,0.0022770451990620087,-0.002948234534163987,0.007902876811922397,0.00198752710687792,-0.0025692557986458555,-0.019539034820894266,-0.0016772563688899212,-0.03356843606848102,-0.0007800590208476877,-0.002058446762175947,0.0017258950794469285,-0.002240322213562962,0.0009464066672431315,0.005571041564211772,0.00397305662199825,0.005860363547661436,0.009218427134126194,-0.008062569332807357,-0.006873371095936847,-0.014622285986232839,-0.014383382605890773,-0.030472490363450077,-0.03115967589401315,-0.0005680034791187438,-0.0006168687413774876,0.0,2.960846350234192e-05,-0.0006442671168843361
0.12842999999999663,-8.206509444219634e-09,0.0,0,-0.0019013828366189855,-0.0032351378882810524,-0.002356855449260493,-0.005672379575599606,-0.005738971522566345,-0.008830285313941318,-0.0016292751629960378,-0.0020832134823876914,0.003253769502470618,-7.449796318724111e-05,-0.0025783724569629386,-0.005303647985110587,-0.004847871727281188,0.00024291548848946577,-0.011183790505524734,-0.008512281141243215,-0.01553698204444533,-0.017825134437721248,-0.007351348759304841,-0.008548481925177782,-0.0028766226407995533,-0.003001232005541965,-0.002659443930967491,-0.0017102464408218054,-0.003854994575903703,-0.003716288150027971,0.0,-0.0008999256763350161,1.970400541964068e-06
0.12842999999999663,0.018999995151183238,0.019,0,-0.0032060120475193798,-0.0029704108409885064,0.001089000135087872,-0.005335250242168286,-0.011172250597527977,-0.01306349678524782,0.00343396855247704,-0.008254960738539978,-0.005051960580582318,-0.0010543174775222042,-0.007057230519395432,-0.0031368830716789376,-0.006615801982015057,-0.010261173212485345,0.0008527382227157432,-0.0012738829289730802,0.005510428989695413,0.007972054123094381,-0.002498162697656312,0.0007478314840147959,-0.00490299421775859,-0.004501063654798543,-0.01014634574024143,-0.009198022278154099,-0.010294409365612297,-0.010013078000261544,0.0,6.99246086878702e-05,0.0009017560145406378
0.12842999999999663,0.010999993940484232,0.011,0,0.005815954664070091,-0.006850482495464689,-0.0032717952761719005,-0.006941373767057826,-0.013844911104014842,-0.013335236146461966,-0.004327993933915906,-0.005803218942474473,-0.011275849724825093,-0.0014353727046972154,-0.0032260886996454017,-0.0013881129701502459,0.0011893040551075275,-0.005871775619487068,0.002002087064349922,-0.0010024563218834714,0.002670073999227611,0.005099524698663913,-0.0073482521481176375,-0.0043545085006140025,-0.008345748465181942,-0.008039218112481024,-0.007508293460494002,-0.005519364975685051,-0.007395907394709696,-0.006930705686670251,0.0,9.319643541857658e-05,-0.00028348052614632027
0.12842999999999663,-8.006873192245578e-09,0.0,0,-0.001183842743196557,-0.0031980435417353448,-0.0022099948599104023,-0.005668748349572183,-0.005785778562775441,-0.009618398916955257,-0.0017029092708915883,0.0005119877947757346,0.0039063370859628325,9.644706533393333e-05,-0.00265815482376734,-0.005539012013198601,-0.005227505892631967,0.0005189103721325239,-0.012694552897196107,-0.010577257062736259,-0.017602105991625514,-0.01957133439155612,-0.008232130282355143,-0.009640118970614963,-0.0036272454653795273,-0.003634363154328639,-0.0032626846988317126,-0.0023790058779925437,0.0007019364079114609,0.0005724010169154781,0.0,3.868634468830123e-05,-0.0007635263273388659
0.12842999999999663,-8.126431583210803e-09,0.0,0,-0.0019548788443347932,-0.0031044268881259287,-0.0017873629942302927,-0.005535619865704682,-0.005842099555108291,-0.009152422421753882,-0.00273400608747167,-0.000971196168505486,0.0037995342524037314,-0.00019857135853698082,-0.0024335526208221834,-0.005380301609097273,-0.004104994327893365,0.00027209137525098016,-0.011591891372640113,-0.009455424562171846,-0.01634496661212683,-0.01807590815500646,-0.0077311510908209865,-0.009339154249928896,-0.003099698750565487,-0.0035720285287101205,-0.0031922333122041736,-0.002256071793238874,-0.0020571089137865783,-0.0019745645379025236,0.0,3.60431127018046e-05,-0.0006480422460970203
0.12842999999999663,-7.90332022049256e-09,0.0,0,-0.0018784050967769871,-0.003956623651459239,-0.0018128938096546676,-0.005212938413054644,-0.004795624919575374,-0.008116080744847097,-0.00491447765211376,-0.002125826672831863,0.0039009178655324207,-0.000796066834737701,-0.002193419589955141,-0.004949083698496395,-0.006328746253686575,-0.0005655381276694982,-0.009384031913437098,-0.007055838961695713,0.00819318742529049,0.007091540089864452,-0.004154991619541875,-0.0029392906923351348,-0.010954937486516342,-0.011647284661215736,-0.01691489513703857,-0.018504115628170864,-0.008475986716413076,-0.007620376098819434,0.0,-0.0015875821798715605,-0.000730596724089878
0.12842999999999663,0.006499993519678143,0.0065,0,-0.002396246460620546,-0.0035486392712422796,-0.004040713981653283,-0.00569956646510704,-0.007872735773081558,-0.011143262604664486,0.0026371683768657305,-0.003449843981739491,-0.011253302792067644,-0.0013677462128005402,-0.005050850730597602,-0.0025544138705411966,0.0017017523042188998,-0.0007631708441543595,-0.015623917237286662,-0.01235657174381501,-0.0014093120539421023,-0.0008033607968414458,-0.0056617477600482856,-0.004631830958616661,-0.007427574937296839,-0.006726167345874928,-0.006520979693732443,-0.00595726215524067,-0.000161373837208032,0.00010612230825927326,0.0,4.522222599575798e-05,3.198125149594944e-07
0.12842999999999663,0.00199999238691681,0.002,0,-0.00204820737680663,-0.00240350645779003,-0.001891888771446304,-0.004592316612658749,-0.004869665165490318,0.002632489870493657,-0.0022016974820525093,-0.0038371383291993764,0.003126821684875125,-0.000381711979252799,-0.0035737549093512655,-0.001042793455986839,-0.005192422021363825,-0.006255786987318998,-0.012040382081214353,-0.008623934550652308,-0.015918833116563745,-0.018370699146208126,-0.007016846619726778,-0.00860258757782333,-0.0025575710975422796,-0.0032109614419087505,-0.004803974328862779,-0.0037241906375381005,-0.004842706060534141,-0.003975839159839439,0.0,3.425775886086058e-05,-0.00024416156017771585
0.12842999999999663,-8.004454044030496e-09,0.0,0,-0.0011859982265918134,-0.0031740255017108864,-0.002203516864864632,-0.0056764483865390505,-0.004377871913263895,-0.009560743608321829,-0.0017948026728587152,0.00045402278299690125,0.0038639793969694834,7.674287927287083e-05,-0.0027087996691089345,-0.00554093860297769,-0.005541648946490625,0.0005063528313552012,-0.013044511422579834,-0.010775070742263288,-0.01764773514256749,-0.01960471913355988,-0.008320223546173934,-0.009731868797935733,-0.0036824938486858193,-0.003676858107430689,-0.00325378011718481,-0.0023899921715743668,0.0007407201411164977,0.0005454980576406854,0.0,3.8783747305330964e-05,-0.0007640604184237531
0.12842999999999663,0.001999992336401718,0.002,0,-0.0024550059809929792,-0.0036858090274901655,0.001105566114864729,-0.005826963711980113,-0.0049209028793644905,-0.0110520261539547,-0.002915726893673565,-0.00342000910686167,0.00011595462322503635,-0.0005965913374629395,-0.00150564355314458,-6.272391118670839e-05,0.00045214240777610823,-0.0014804085494832008,-0.012094340429980175,-0.009609184616197588,-0.016551643321968755,-0.018285901109784817,-0.007050662252747202,-0.00878077321759946,-0.0019192653897655988,-0.002072973944061829,-0.002785439529393301,-0.0016358872978882743,-0.004961936569835359,-0.0046746828495613,0.0,3.6134021817986196e-05,0.00020469680310000626
0.12842999999999663,0.16150000434106376,0.1615,0,-0.006493875803579954,0.0011312407919152178,-0.0004231535930242103,0.004127245864486326,0.007999919854162272,0.012299037321181459,-0.0024651260069970247,-0.009956179678502793,-0.022275326821825273,-0.002988058351964469,0.001180638956823401,0.004267186265009144,0.0015214035129045556,-0.010821174430842717,0.01469109206264207,0.009956439312374244,0.014447284569351097,0.017459596521757846,0.006336050767985739,0.009189999042918657,0.004737230211755019,0.003677944397940962,-0.00812679692221252,-0.006581759810371466,-0.002646181277691966,-0.003331096074826121,0.0,7.335137637255684e-05,-0.0039169277166749335
0.12842999999999663,-7.704089116655766e-09,0.0,0,-0.002546637774164537,-0.0036177889097155002,-0.0018106615451118557,-0.004621347044868571,-0.0030542908247193166,-0.008878711050108307,-0.0004732826226953435,-0.0035901883414175017,-0.0056334809114656536,-0.00388876673276215,-0.0035684772807385912,-0.0011252628004947952,0.0007511964482932854,-0.005371500371254711,-0.010725471664221864,-0.007965781465140652,-0.01561010696722775,-0.01689669929463861,-0.007400823849798712,-0.008639582634767749,-0.0025566542879977305,-0.003136900832428893,-0.0038410139553830902,-0.0036697480561598186,6.997813307577871e-05,0.0001391760933975661,0.0,2.6511365846317858e-05,-0.0007936905274169703
0.12842999999999663,0.0004999924705721137,0.0005,0,-0.0017456203925740965,-0.003172125373459096,-0.0028772131934319133,-0.006983662947684124,-0.006067679162830899,-0.009621877997081753,-0.0035130438323550096,-0.003181095603418811,0.003851070118959541,8.58735766983898e-05,-0.0025716073902469815,-0.005431009133192361,0.00021292886340589233,0.0006831051049410064,-0.013245738026106615,-0.011856027641023417,-0.014263134710575259,-0.016253932564845572,-0.005056329283170413,-0.004334650995056535,-0.0038959712335567076,-0.003877717936796472,-0.0046610061002341045,-0.0050465611294575295,-0.002457477908863126,-0.002499924887958116,0.0,3.978247086479314e-05,-0.00018936022037522094
0.12842999999999663,-8.154573433172274e-09,0.0,0,-0.001361073850318526,-0.0031652977465217447,-0.0021797415705631096,-0.005459259712312807,-0.004586995588179974,-0.009290177537749784,-0.0019101924845435292,0.0004408859845045754,0.0035381208664470878,-0.00018167585106027673,-0.0028290649663310317,-0.005580286544729774,-0.0055879872811412665,0.00019110013954922066,-0.01248128705820566,-0.010341162712647805,-0.01631186416030136,-0.018593676107239075,-0.007734668529268305,-0.009141240149448606,-0.0031736488651170802,-0.003453394138743704,-0.0029832592156622084,-0.0019980736351806173,-0.0021511054918421733,-0.002021453502050221,0.0,3.883279545959795e-05,-0.0001223612413719266
0.12842999999999663,-8.131484874329686e-09,0.0,0,-0.0013819728666499386,-0.003080852990567493,-0.002148055601770622,-0.005448289430454949,-0.004441017908239644,-0.00926281366093697,-0.0019125667610282449,-0.002036869214557555,0.003574737059400235,-9.558869307937812e-05,-0.002613992256658513,-0.005489127117228776,-0.005412658627117253,0.00021558403614321264,-0.01225084695283039,-0.009845452281271587,-0.01614572435352205,-0.01849366380572974,-0.007680190652314281,-0.009237147562621856,-0.003104316071820872,-0.003339005999501694,-0.0028715088720919725,-0.001971857547717377,-0.0019964504811446205,-0.001864568986605022,0.0,3.601497421811928e-05,-0.00013180550578230311
0.12842999999999663,-8.041376425849123e-09,0.0,0,-0.0011810202329793995,-0.0031379520869743516,-0.002142695795309173,-0.005607625868655503,-0.005656140749745724,-0.009663349316992722,-0.001836315485450406,-0.0008456619971082091,0.003907560389057494,9.36380810078674e-05,-0.0024179464769015268,-0.005473509129847401,-0.005202787636389416,0.0004901888688623046,-0.012616622877665922,-0.010172315480455687,-0.017313802763928018,-0.0192796244219916,-0.008136993193433426,-0.009529576578800486,-0.003625901851286013,-0.003505263944456374,-0.003324893757919476,-0.0024235203149063442,0.0004404762527970263,0.00046791237369774307,0.0,3.6718992458588676e-05,-0.0007729830380569069
0.12842999999999663,-8.000281631614925e-09,0.0,0,-0.0012296878048190152,-0.0034522190780351637,-0.0019990357591923667,-0.005678101867877672,-0.005344196838973403,-0.00948679455366488,-0.0012460074757889572,-0.002664540098417376,0.00016410926277259818,-0.0011127202015575222,-0.002360453633951067,-0.00498430463980597,-0.0009074981993397557,0.00023652144057564328,-0.01098283850212198,-0.009372223424310811,-0.01503993062929183,-0.01741129309798339,-0.007289886628960431,-0.008500260532684507,-0.003100025335982224,-0.002898224798289277,-0.003313985832021871,-0.0022328495108115474,-0.0042007540870092445,-0.004052023527176445,0.0,3.660642445794338e-05,-7.389070017751465e-06
0.12842999999999663,-8.099936721350787e-09,0.0,0,-0.0013067065594797001,-0.0029264695026439114,-0.0019269933600389066,-0.005326820209774361,-0.005788854129460219,-0.008491446103842221,-0.002372649275859544,-0.0024063812703232655,0.0036437064026156917,-0.00020458053158648682,-0.002355670505995526,-0.0051728362004536165,-0.005192732567848992,0.0002524143619227459,-0.011805876461381733,-0.009719963096785432,-0.01604916745355286,-0.018331229404720803,-0.007741698281833749,-0.0089669858593237,-0.0032224008508899794,-0.003367582949851453,-0.00340100769992123,-0.002246363335817385,-0.0020210106601246027,-0.0018830780065733422,0.0,3.5723307489092805e-05,-0.0001333478938778754
0.12842999999999663,-8.113367228057555e-09,0.0,0,-0.0019342906430646067,-0.003286404502476756,-0.002630594007233,-0.004413196347659109,-0.004245228653631159,-0.009306701963561466,-0.001528380670366829,-0.0016052016878485632,0.0033592361781440163,-0.00017184257132697668,-0.0021463417963892084,-0.00481830702057934,-0.005334122252338176,-0.0013092934185284831,-0.011157446686201701,-0.008033955963119404,-0.016601440324670022,-0.017955868295793636,-0.007514893285567723,-0.00886112818974965,-0.0030902921633692414,-0.0035739610723153703,-0.002943021361444167,-0.0019113485279761378,-0.004101308497731679,-0.0038910015393986085,0.0,3.366576767291463e-05,0.0005426613831602367
0.12842999999999663,-8.013595065303747e-09,0.0,0,-0.0011968221816136193,-0.0031786072115777843,-0.00218241170506797,-0.005633433231801064,-0.004362728156181923,-0.00958607171303619,-0.0017613019495209769,-0.0002904458724785286,0.003848922577585654,6.482909712943297e-05,-0.002617601433321788,-0.005538543761960568,-0.005550079682042935,0.0004961439554803348,-0.013016721737664287,-0.010479650090755932,-0.01759529069247183,-0.01954777324454412,-0.008205591685526911,-0.009723115552875613,-0.0036221698915522003,-0.0035439971716652962,-0.0032927864324799926,-0.0023919965013751644,0.0006415666355057681,0.0005631459666746253,0.0,3.679240516561322e-05,-0.000764268751618431
0.12842999999999663,0.08249999915484538,0.0825,0,-0.007796879341786394,0.006925524127972835,0.003209000999509044,0.009362777143760753,-0.005793869317760994,-0.018469925594563393,0.002890088306774601,-0.011760515782683854,0.004652579740500755,0.0011997659874418787,-0.0032841264102034984,-0.0005409357649256208,-0.00523410344336071,-0.012382480851340744,0.0015785643566064778,-0.001956384174672223,0.008132020512866519,0.012702397479121146,0.0005673959189448397,0.0044080715960018325,-0.0022897859236172737,-0.002272130986418688,-0.007790751443483259,-0.00786473449581365,-0.008644479802467799,-0.01010688950348424,0.0,6.133135419077007e-05,0.004568474467739634
0.12842999999999663,-7.85684534099218e-09,0.0,0,-0.0025494067179845105,-0.0033814234540345467,-0.0024914639195570487,-0.005549187868159003,-0.005982692985747064,-0.009559511964292397,-0.000683166805873583,-0.0031663780814410814,0.0038189735967809214,4.744196365749076e-05,-0.0037458705136533864,-0.000961077989307455,1.7361396696458086e-06,-0.0017113406421034939,-0.011665275664358496,-0.008590307700661945,-0.016619469131152583,-0.01832495315033441,-0.007878506038862554,-0.009275974549651522,-0.0029921647575616816,-0.004266848956563223,-0.003442508224080143,-0.001805815229426848,-0.003897682816438106,-0.0036979247149570684,0.0,3.664646774979019e-05,-9.585414849766494e-05
0.12842999999999663,-8.009168245282083e-09,0.0,0,-0.0011843692581527776,-0.0031746108192748325,-0.0022016736107722677,-0.005677893191717658,-0.00437625124234156,-0.009575541589505078,-0.0017784974772817818,0.0004602608786015594,0.00384673101878775,6.795481904148915e-05,-0.002717353240746938,-0.005546754079545622,-0.005540101327395916,0.0005061048156538561,-0.013033904279130528,-0.010775215583964801,-0.017644973237951583,-0.019611498895784934,-0.008286416364898202,-0.009788283846013001,-0.0036655477797864046,-0.0036743898535121387,-0.0032552384508811017,-0.002386646933482215,0.0007242596417556513,0.000585001667159446,0.0,3.868634468830123e-05,-0.0007638461327135814
0.12842999999999663,-8.206881230155005e-09,0.0,0,-0.0013236520054856627,-0.003099684537937648,-0.0020653880559864746,-0.00539719077652844,-0.004427709141185403,-0.00910099752513787,-0.001956538600621087,0.0005900927210733186,0.0033274963881453345,-0.00022583241845708813,-0.0028320985982533387,-0.005417401436447307,-0.005490407216455111,0.00020796500469295154,-0.011881188178518052,-0.009551667925997424,-0.015869618427681084,-0.018338463746767106,-0.007451512686171498,-0.00892631446292853,-0.0030262872902099146,-0.0033275586915338805,-0.002854186785331088,-0.0019169378295768524,-0.004080845114635281,-0.003892591812091659,0.0,3.8749462125338143e-05,-0.00014023851897700722
0.12842999999999663,-7.82186868053536e-09,0.0,0,-0.0012411454553907576,-0.003100606772457368,-0.002242768332680072,-0.005835117088289934,-0.0057933285527120406,-0.008937766985068336,-0.0023603425602158976,-0.0025764769988749947,0.003998795142976377,0.0004472170481999171,-0.0023901320907333103,-0.005372180130600981,-0.0003158558578141424,0.0006238603493090978,-0.012575832677294674,-0.010351237551875005,-0.017248405214973027,-0.019550994023157388,-0.008424560065041789,-0.009813919474565011,-0.0036316436551172694,-0.003477077643384234,-0.004132805430023864,-0.003723367157622164,0.00020136497187039025,0.00011562789711305754,0.0,3.7072153138240085e-05,-0.0007583816665801635
0.12842999999999663,-8.114203503550854e-09,0.0,0,-0.0013557028437265117,-0.003203760463436041,-0.0020800847478467687,-0.00549519709748381,-0.0044384203475343045,-0.009579779493791917,-0.0019144709414722172,-0.0008462801468598968,0.0037997695177837444,-0.00011080643621937725,-0.00259491624418299,-0.005567375061966829,-0.005653208961714,0.0003682254583411293,-0.012779553652531153,-0.010087626190827325,-0.016689309559282356,-0.01886987876302115,-0.008017846176283996,-0.009465631463327923,-0.0033991646004709786,-0.0034989800304057895,-0.003151245118392829,-0.0022211676550421087,-0.0007573332580089698,-0.0007534839493464319,0.0,3.720184300874507e-05,-0.00010398173015804701
0.12842999999999663,-7.997792761393896e-09,0.0,0,-0.0012125802979238997,-0.003195067169684691,-0.0022153283735023522,-0.005692495826074264,-0.00436792548511459,-0.009590273373111628,-0.001782874100111691,0.00046693169501025976,0.003888319044548041,0.00017236031351799852,-0.002726938559585896,-0.005551757867128231,-0.0054045356630776096,0.0004996169002934891,-0.013063785231518299,-0.01079038423591097,-0.017665820461157614,-0.0196225044891321,-0.008323767018731729,-0.009752052958018141,-0.0036898964466251095,-0.0037111517599288392,-0.0032614487678379687,-0.0023956132041504396,0.0007401447443662335,0.0005451448831992423,0.0,3.8783747305330964e-05,-0.0007651080377038966
0.12842999999999663,0.01599999497761717,0.016,0,-0.006420320302768801,-0.0065211045926275805,-0.007216437092141206,-0.007141873006365813,-0.008754811804601274,-0.003576610565403371,0.004942438349258396,-0.00542318804358132,0.0056271708692194975,-0.0016457978582761256,-0.008858783834861298,-0.004909229512513491,0.003769351665208518,-0.0028134001941410246,-0.018073055479091236,-0.014747319769107179,0.006604979537997622,0.0073098722295188165,-0.001222598072819494,0.0005817073668947614,-0.007103962435772644,-0.00806515746562212,-0.010321244559313526,-0.011289585872359566,-0.0021054615096593923,-0.0036040770323296557,0.0,6.136291999325749e-05,-0.0015128689571142218
0.12842999999999663,-8.010078711429003e-09,0.0,0,-0.0011816748140059375,-0.0031735862875162725,-0.002222161707413015,-0.005680834750396145,-0.004378884178896634,-0.009607684087963904,-0.0017552294378416278,0.00044443764574339186,0.003831234443813969,6.956520848532932e-05,-0.0027204722878179767,-0.005560626917028344,-0.005545123333292423,0.0004897343240089924,-0.013018332669270993,-0.010773798736249169,-0.017666885214964942,-0.019555391930243075,-0.008305877043410561,-0.009763150368870157,-0.0036912779387824023,-0.003642353416830417,-0.0032640486969755145,-0.0023728532825671245,0.0006458871597202176,0.0007010570522807313,0.0,3.863764338660758e-05,-0.0007703143871779616
0.12842999999999663,-8.029077264160023e-09,0.0,0,-0.0018212342571250772,-0.0029877880046324636,-0.002443898265277014,-0.005622322587563317,-0.005726023026606413,-0.009461665681884526,-0.0016874224341025367,-0.0010122456340627651,0.0041366300304272845,0.0005068840897264693,-0.002546040878831519,-0.005528343361839063,-0.005199943482387397,0.0004274959746636853,-0.012456937985799428,-0.009556361972163465,-0.017260030807770513,-0.019318897696477533,-0.008162270431570277,-0.009565790083397445,-0.003588633508637571,-0.0037508965284075656,-0.0033337557560859567,-0.002427164018235093,0.0004048031583843681,0.0001897240012438317,0.0,3.6480411591526266e-05,-0.0006743592922541097
0.12842999999999663,-8.01702101926871e-09,0.0,0,-0.0011809327503279475,-0.0031747966054509647,-0.0022062946427704945,-0.005671477606289983,-0.004372263146417445,-0.009617269406637447,-0.001756862374668664,0.0004406142323603035,0.003829012221237349,6.878544654298935e-05,-0.002727323478878354,-0.005549037631000715,-0.00553441301483602,0.0004864545618410432,-0.01300638822455733,-0.010771941594454652,-0.017584595528349248,-0.019518001055439386,-0.008273791724217716,-0.009658703933781255,-0.0036814327011136603,-0.003639728417020933,-0.0032568145687870854,-0.0023873116173572305,0.0004756391339866184,0.0005705431531619354,0.0,3.863764338660758e-05,-0.0007703143871779616
0.12842999999999663,0.0029999932287728126,0.003,0,-0.002054617317983407,-0.004365896685759623,-0.0026874005361601405,-0.008920926707251767,-0.00813814719981096,-0.011098397400520384,-0.005938148152518466,-0.003915366040838677,0.005101149395440814,-0.003797110396273382,-0.0034055972009527126,-0.006781993432806246,-0.006605993095197533,0.000944164926044877,-0.01433550627931913,-0.012237064085165308,-0.00263591860348356,-0.0018983354537442665,-0.004968622867054364,-0.003610028884969978,-0.002569077020558641,-0.003731907376542978,-0.007845922698238717,-0.007684538085782293,-0.000564105303350999,-0.0007941764068475265,0.0,5.8243871940533154e-05,-0.0009487677335189914
0.12842999999999663,-8.00032895487135e-09,0.0,0,-0.0012294861432980398,-0.0032540891635240853,-0.0022733846534370274,-0.005811252503369673,-0.00434161992942304,-0.009741549939606742,-0.001646716247378528,0.00044589724028242016,0.0038422730443024022,0.0005754586450102295,-0.0027477231798728142,-0.005649863212155992,-0.005382340231032004,0.0004022372029147903,-0.012888059031584138,-0.010664751833585449,-0.017091249335772184,-0.019316863589765348,-0.00811018131114693,-0.00945542431378115,-0.0036865175185852726,-0.0035165317970280796,-0.0030859400829700333,-0.0022617560381953616,2.5943349251065228e-05,-0.0007095199670830255,0.0,3.803843697681941e-05,-0.0008950358964683858
0.12842999999999663,-8.021932840218682e-09,0.0,0,-0.001181295845423911,-0.0031795276665419437,-0.0022066090364033287,-0.005664245462398441,-0.00434792981321376,-0.009632180121966271,-0.0017571044384002122,0.00043610232716332573,0.0038222156842988397,7.56068754220962e-05,-0.002728210383659864,-0.0055493054882498425,-0.005533548837415339,0.00048060842132613857,-0.013004267192283923,-0.010748243180409496,-0.01748222340816742,-0.019508765846694445,-0.008259398866636474,-0.009651399279963044,-0.003689651857765224,-0.0036429129410396398,-0.0032655427435808447,-0.0023938244245520404,0.0004469497379376719,0.00046679116132693823,0.0,3.856423067958303e-05,-0.0007706596253186148
0.12842999999999663,0.0029999927181323105,0.003,0,0.00036446294062244535,0.0037190109902418556,-0.001550606978675404,0.002748290620068197,0.002905459221620106,-0.001803853955092194,-0.01751762667760058,0.01037319014085483,-0.0273782514199457,0.0002315353111073648,-0.0019934419071985588,0.0016150143496514602,-0.003841767272066079,-0.001134636005203049,0.0067416757278737725,0.004198120750215679,0.006681411709854359,0.008374857532832465,-0.010352428795143993,-0.007622003313334176,-0.014141343238680815,-0.014450278468703885,-0.031135050130392444,-0.03178153583468614,-0.00391689945427828,-0.004120469849356141,0.0,-0.0016788467764516212,0.0010360035000022095
0.12842999999999663,-8.005141882705402e-09,0.0,0,-0.001181434915052826,-0.0031740949455254255,-0.002223631945668494,-0.005680923134264759,-0.004374174582627539,-0.00960329592029872,-0.0017579900801402814,0.00045757437095062415,0.003835442778135416,6.956520848532932e-05,-0.0027199722875986864,-0.005562140986288,-0.005545123333292423,0.0004911403484597087,-0.013044805072618945,-0.010842521140534096,-0.01766380061886057,-0.019557552644593416,-0.008302335377182004,-0.009828883415655838,-0.003667705247011579,-0.0036654277322560346,-0.0032576825347420523,-0.0023754306634227794,0.0007569546271439264,0.0007156679828740664,0.0,3.863764338660758e-05,-0.0007660643869397177
0.12842999999999663,-8.035529242000905e-09,0.0,0,-0.0012035346634951694,-0.003196412213493076,-0.0022067380046236094,-0.005692669524472223,-0.004314161232246896,-0.009641716779334857,-0.0016763656005250383,0.00044723237673153447,0.003770226863879884,9.041658018773546e-05,-0.0027121872826391426,-0.005467091920717735,-0.005508515202665336,0.0004350503355084356,-0.012930890203693028,-0.010655535923128347,-0.017102481663970118,-0.019258453592303083,-0.008125623952768848,-0.009459697949168486,-0.003677404248418892,-0.003450964699327841,-0.003136767107762886,-0.0022845891921005014,-0.00030164829989047347,-0.00042384480580963667,0.0,3.803843697681941e-05,-0.0007836785662550483
