target_present,Movement_leftEar,Movement_leftShoulder,Movement_neck,Movement_nose,Movement_rightEar,Movement_rightShoulder,Movement_spineLower,Movement_spineMid,Movement_spineUpper,Movement_tailBase,All_bp_movements_Animal_1_sum,All_bp_movements_Animal_1_mean,All_bp_movements_Animal_1_min,All_bp_movements_Animal_1_max,Mean_All_bp_movements_Animal_1_mean_2,Sum_All_bp_movements_Animal_1_mean_2,Mean_All_bp_movements_Animal_1_mean_5,Sum_All_bp_movements_Animal_1_mean_5,Mean_All_bp_movements_Animal_1_mean_6,Sum_All_bp_movements_Animal_1_mean_6,Mean_All_bp_movements_Animal_1_mean_7.5,Sum_All_bp_movements_Animal_1_mean_7.5,Mean_All_bp_movements_Animal_1_mean_15,Sum_All_bp_movements_Animal_1_mean_15,Sum_probabilities,Mean_probabilities,Low_prob_detections_0.1,Low_prob_detections_0.5,Low_prob_detections_0.75
1,0.07938259,0.04490282,0.02740599,0.012210459,0.007795774,0.003691938,0.0063281994999999,0.0011574314,0.0002347363999999,0.0010174805,0.18412744,0.018412743,0.0002347363999999,0.07938259,0.0156687092967331,0.0313374185934662,0.0095175041817128,0.0475875209085643,0.0084057858524223,0.0504347151145339,0.0080663817269461,0.056464672088623,0.0065669782614956,0.0985046739224344,9.419922,0.94199216,0,0,0
1,0.014082137,0.014369007,0.025097188,0.01480329,0.01832286,0.009917414,0.0058814869999999,0.02835824,0.0111294739999999,0.02594646,0.16790757,0.016790757,0.0058814869999999,0.02835824,0.0167375188320875,0.033475037664175,0.0236267611384391,0.1181338056921958,0.0281891381988922,0.1691348291933536,0.0304541518645627,0.213179063051939,0.0709634371101856,1.0644515566527843,9.283691,0.92836916,0,0,0
1,0.0055395956,0.00070119335,0.0024403753,0.0012695312,0.0009985586999999,0.0022477442,0.0004739654799999,0.0004117549,0.0005705907,0.0048121236999999,0.019465433,0.0019465433,0.0004117549,0.0055395956,0.001955960644409,0.0039119212888181,0.0025250617414712,0.0126253087073564,0.0023463759959364,0.0140782559756189,0.0023247439946447,0.0162732079625129,0.0024966313348462,0.0374494700226932,9.460449,0.9460449,0,0,0
1,0.022820776,0.0057359132999999,0.024279948,0.0055958126,0.001395162,0.0021933589999999,0.008911665,0.03647193,0.0004231771,0.0021108715,0.109938614,0.010993861,0.0004231771,0.03647193,0.0097289844416081,0.0194579688832163,0.0077983346767723,0.0389916733838617,0.0073124531190842,0.0438747187145054,0.0079433202876576,0.0556032420136034,0.0117496566226085,0.1762448493391275,8.934082,0.8934082,0,0,1
1,0.0056330157,0.0023903071,0.004614595,0.0029308173999999,0.0045014513,0.0018185518,0.0024546622,0.003682884,0.0010543057,0.0041385978,0.03321919,0.003321919,0.0010543057,0.0056330157,0.0031044320203363,0.0062088640406727,0.0032792618498206,0.016396309249103,0.0035113773774355,0.0210682642646133,0.0035204168941293,0.0246429182589054,0.0035682451445609,0.053523677168414,8.85791,0.885791,0,0,1
1,0.0026365179,0.0034987056,0.011646051,0.004261713,0.0058086086,0.008314812,0.00270946,0.009187995,0.01855087,0.08076954,0.14738427,0.0147384275,0.0026365179,0.08076954,0.0191597668454051,0.0383195336908102,0.0285149846225976,0.1425749231129884,0.0284888679161667,0.1709332074970007,0.0340037172926323,0.2380260210484266,0.1199220636238654,1.7988309543579817,9.3203125,0.9320313,0,0,0
1,0.015139294,0.014590452,0.004388274,0.006751085,0.0058121653,0.0050144223,0.0020108654,0.002963223,0.0016289057999999,0.0010436992,0.0593423879999999,0.005934239,0.0010436992,0.015139294,0.0051011117175221,0.0102022234350442,0.0043112590443342,0.0215562952216714,0.0042967027596508,0.025780216557905,0.0045624034412737,0.0319368240889161,0.0044825280395646,0.0672379205934703,9.428223,0.9428223,0,0,0
1,0.005419311,0.0003460333999999,0.00071392296,0.0020965158,0.0035547412,0.0057254894999999,0.0013182589,0.0066864225,0.0013691238,0.0047792844,0.032009102,0.0032009103,0.0003460333999999,0.0066864225,0.0042293703882023,0.0084587407764047,0.0051627446431666,0.0258137232158333,0.0068703910413508,0.0412223462481051,0.0084787877609155,0.0593515143264085,0.0210285090686132,0.3154276360291988,9.347168,0.9347168,0,0,0
1,0.0012283829,0.0012079411,0.0014293293,0.0004233531,0.00016276042,0.00071614585,0.0010106885,0.001173682,0.0023764074,0.00088909507,0.010617786,0.0010617786,0.00016276042,0.0023764074,0.0011500302352942,0.0023000604705885,0.0014605392119847,0.0073026960599236,0.0014806717032721,0.0088840302196331,0.0014720257853956,0.0103041804977692,0.0023596069271055,0.035394103906583,9.463379,0.9463379,0,0,0
1,0.08716263,0.049268372,0.06357216,0.026061257,0.029830234,0.0217376029999999,0.030318487,0.016257875,0.0013346354,0.00091145834,0.3264547,0.03264547,0.00091145834,0.08716263,0.0327011030167341,0.0654022060334682,0.0316286999732255,0.1581434998661279,0.0317074336732427,0.1902446020394564,0.0333952682891062,0.2337668780237436,0.0222717202967032,0.3340758044505492,9.145996,0.9145996,0,0,0
1,0.009690029,0.004331385,0.00087588694,0.0006702884599999,0.0019427895,0.0063256035,0.0076822919999999,0.002347364,0.003188277,0.0011668912,0.0382208079999999,0.0038220808,0.0006702884599999,0.009690029,0.0038522925460711,0.0077045850921422,0.0042568825185298,0.0212844125926494,0.0043912202430268,0.0263473214581608,0.0043555583937891,0.0304889087565243,0.0160715304004649,0.241072956006974,9.348633,0.93486327,0,0,0
1,0.011269793,0.0027881481,0.00069986976,0.0019280069,0.001730167,0.0044431696,0.0041073714,0.004218039,0.000525895,0.0004739654799999,0.032184426,0.0032184422,0.0004739654799999,0.011269793,0.0034884708002209,0.0069769416004419,0.0033570576459169,0.0167852882295846,0.0035470474200944,0.0212822845205664,0.0051103101244994,0.0357721708714962,0.0040880805308309,0.0613212079624645,9.349609,0.93496096,0,0,0
1,0.009884262,0.018186918,0.0178937,0.017479591,0.021040244,0.0238671429999999,0.028547416,0.010838622,0.0049024129999999,0.0014459135999999,0.15408622,0.015408623,0.0014459135999999,0.028547416,0.0167688955552876,0.0335377911105752,0.0264029564335942,0.1320147821679711,0.0274619194678962,0.1647715168073773,0.0289190801392708,0.2024335609748959,0.0283368116555114,0.4250521748326719,9.352539,0.9352539,0,0,0
1,0.00375818,0.0033476459999999,0.0008241529,0.0035781479999999,0.0019756628,0.0038291266999999,0.0013775689,0.0010677878,0.0009212872,0.0011790866,0.021858646,0.0021858646,0.0008241529,0.0038291266999999,0.002254118095152,0.0045082361903041,0.0032218556385487,0.0161092781927436,0.0030595927964895,0.0183575567789375,0.0029927219397255,0.0209490535780787,0.0030318496904025,0.0454777453560382,8.942383,0.8942382999999999,0,0,1
1,0.00092071196,0.0025046072,0.0007278867,0.0018304241,0.0010992053,0.0020276578,0.0030950165999999,0.0020802794,0.002685624,0.002581036,0.019552449,0.001955245,0.0007278867,0.0030950165999999,0.0015943807666189,0.0031887615332379,0.0020815569907426,0.0104077849537134,0.0019435968909723,0.0116615813458338,0.0020463397626632,0.0143243783386424,0.0021357084314028,0.0320356264710426,9.503418,0.9503418,0,0,0
1,0.0214786529999999,0.0075391632999999,0.0033629625,0.00070420926,0.0043988694,0.004277604,0.0042197346,0.0044270833,0.001435617,0.00073440844,0.052578304,0.0052578305,0.00070420926,0.0214786529999999,0.0051603696774691,0.0103207393549382,0.0076042871922254,0.0380214359611272,0.0093584340065717,0.0561506040394306,0.0127848099384989,0.0894936695694923,0.0237166001151005,0.3557490017265081,9.353516,0.93535155,0,0,0
1,0.16630802,0.099912725,0.10052128,0.088917755,0.08860814,0.10360067,0.15877558,0.083625175,0.059397936,0.027505571,0.9771729,0.097717285,0.027505571,0.16630802,0.1329284831881523,0.2658569663763046,0.117412006855011,0.5870600342750549,0.1131394356489181,0.6788366138935089,0.1130500755139759,0.7913505285978317,0.1660937468210856,2.491406202316284,9.51416,0.951416,0,0,0
1,0.0008972606,0.0006510417,0.004879339,0.0023527748,0.0084607869999999,0.00331095,0.009324226,0.013762336,0.007149548,0.008207258,0.058995523,0.005899552,0.0006510417,0.013762336,0.0056612703483551,0.0113225406967103,0.0065728723071515,0.0328643615357577,0.0072139656015982,0.0432837936095893,0.006703651576702,0.0469255610369145,0.142889291451623,2.1433393717743456,8.585815,0.85858154,0,1,1
1,0.0012283829,0.0014455471,0.0029153659,0.0017045804,0.0021241948,0.0018229167,0.0012640943,0.0001841424,0.0011422257,0.0047157286,0.0185471769999999,0.0018547176999999,0.0001841424,0.0047157286,0.0017920967075042,0.0035841934150084,0.0042672864510677,0.0213364322553388,0.0039981123506246,0.023988674103748,0.0037024480573433,0.0259171364014036,0.0027704881698203,0.0415573225473053,9.47168,0.947168,0,0,0
1,0.0092704309999999,0.0070529934,0.006884208,0.0026049803,0.008433503,0.0009256261,0.0074827317,0.012992361,0.005971649,0.0024143464,0.06403283,0.006403283,0.0009256261,0.012992361,0.0086687374860048,0.0173374749720096,0.0130376988090574,0.0651884940452873,0.016465951455757,0.0987957087345421,0.0221458908303507,0.1550212358124554,0.0718683498911559,1.0780252483673394,9.431152,0.94311523,0,0,0
1,0.0018642996,0.003859447,0.0025398969,0.0025623338,0.0027368928,0.0029260681,0.0004694727999999,0.0033075223,0.002094746,0.003260012,0.025620691,0.002562069,0.0004694727999999,0.003859447,0.0027595715364441,0.0055191430728882,0.0021600605221465,0.0108003026107326,0.0021028475215037,0.0126170851290225,0.0020674004086426,0.0144718028604984,0.0027815322042442,0.0417229830636642,9.437012,0.94370115,0,0,0
1,0.000390625,0.0001953125,0.0001302083399999,0.0007115949,0.0006412017,0.0006219066599999,0.0037922827,0.0002604166799999,8.764917e-05,0.0019923365,0.0088235344999999,0.0008823534599999,8.764917e-05,0.0037922827,0.0017672976537141,0.0035345953074283,0.0017303638276644,0.008651819138322,0.0017594157543499,0.0105564945260994,0.0018613592505321,0.0130295147537253,0.0020970123858811,0.0314551857882179,9.48291,0.948291,0,0,0
1,0.0038101234999999,0.0005823094,0.0002347363999999,0.0009287689,0.0014415098,0.0012711994,0.0009321498,0.0021885072,0.0034775925,0.019692583,0.03455948,0.003455948,0.0002347363999999,0.019692583,0.0043132037390023,0.0086264074780046,0.0057002293877303,0.0285011469386518,0.0058662382264931,0.0351974293589592,0.0070971584479723,0.0496801091358065,0.0291979715848962,0.4379695737734437,9.418457,0.9418457,0,0,0
1,0.0028586586,0.001827561,0.0010748351,0.0028910942,0.001980133,0.0039746882,0.0011321524,0.0043385956,0.0027374734999999,0.0057543577,0.02856955,0.002856955,0.0010748351,0.0057543577,0.0025214097695425,0.005042819539085,0.0033483283128589,0.0167416415642946,0.0031610388541594,0.0189662331249564,0.0030306445301643,0.0212145117111504,0.002955885992075,0.044338289881125,8.934082,0.8934082,0,0,1
1,0.006130258,0.0025130545,0.0051147444,0.007441284,0.0035420215999999,0.0033089637,0.0039350423,0.0114465364999999,0.0021158855,0.0003960132,0.0459438079999999,0.0045943805,0.0003960132,0.0114465364999999,0.0038123701233416,0.0076247402466833,0.0038871461059898,0.019435730529949,0.0041783721729492,0.0250702330376952,0.0038792351926011,0.0271546463482081,0.0042159865610301,0.0632397984154522,8.898926,0.8898925999999999,0,0,1
1,0.006129826,0.0033778963,0.0008157529,0.0015289953,0.0026939674,0.0023118856,0.0018642996,0.0018333498999999,0.0030448922999999,0.0141843819999999,0.037785247,0.0037785247,0.0008157529,0.0141843819999999,0.0036172363907098,0.0072344727814197,0.0043474896810948,0.0217374484054744,0.0053799452725797,0.0322796716354787,0.0055679934365408,0.0389759540557861,0.019432310325404,0.2914846548810601,9.398926,0.9398926,0,0,0
1,0.027183406,0.014652054,0.02569908,0.018269349,0.015520518,0.0039135083,0.0130630119999999,0.004332302,0.0037961928,0.0005299095,0.12695934,0.012695936,0.0005299095,0.027183406,0.0116815865039825,0.023363173007965,0.0122679647058248,0.0613398235291242,0.0110165470590194,0.0660992823541164,0.010135813416647,0.0709506939165294,0.0077099224242071,0.1156488363631069,9.407227,0.94072264,0,0,0
1,0.017155165,0.0059846276,0.06874116,0.0057920986,0.0019961223,0.0034758216,0.02032293,0.010626361,0.00046035598,0.0013024901,0.13585714,0.0135857139999999,0.00046035598,0.06874116,0.0135456859134137,0.0270913718268275,0.0169257223606109,0.0846286118030548,0.0168388128901521,0.1010328773409128,0.018730256440384,0.1311117950826883,0.0457683065285285,0.686524597927928,9.089844,0.90898436,0,0,0
1,0.00026843135,0.002226905,0.0035338132,0.003234308,0.0026996282,0.0046270927,0.0006663742,0.0048845485,0.0013166503,0.0021692978,0.02562705,0.002562705,0.00026843135,0.0048845485,0.0035785427317023,0.0071570854634046,0.0036868108436465,0.0184340542182326,0.0036664059152826,0.021998435491696,0.0039475625713488,0.0276329379994422,0.0038586381201942,0.0578795718029141,8.895508,0.8895508,0,0,1
1,0.0018037056,0.0016902025,0.0056976606,0.0026764066,0.002437986,0.003375725,0.0047096014,0.0034505592,0.0013393906,0.0037519718,0.030933209,0.0030933213,0.0013393906,0.0056976606,0.0026730922982096,0.0053461845964193,0.0032028923276811,0.0160144616384059,0.003170368184025,0.0190222091041505,0.0031616389751434,0.022131472826004,0.0040094465599395,0.0601416983990929,9.360352,0.93603516,0,0,0
1,0.007494618,0.002906447,0.0048813204999999,0.00079072925,0.003039134,0.0010278419,0.0032643506,0.0019800658,0.0015529767,0.003366112,0.030303597,0.0030303596999999,0.00079072925,0.007494618,0.0038511573802679,0.0077023147605359,0.0040951705072075,0.0204758525360375,0.0037600443077584,0.0225602658465504,0.0038759465595441,0.0271316259168088,0.0042693008979161,0.0640395134687423,8.903319999999999,0.89033204,0,0,1
1,0.0126162,0.0015030464,0.0022477442,0.0009469522999999,0.0010035371,0.0039116717,0.00048828125,0.0042960118,0.0008593996,0.0020917088,0.029964555,0.0029964556,0.00048828125,0.0126162,0.0028951718704774,0.0057903437409549,0.0048556067980825,0.0242780339904129,0.0049453549242268,0.0296721295453608,0.0057205470677997,0.0400438294745981,0.0068521807280679,0.1027827109210193,8.902832,0.8902832,0,0,1
1,0.0068569863,0.0061146165,0.0024776498,0.006530451,0.0026244328,0.009324453,0.002871234,0.0016687508,0.00040075104,0.0066452622,0.04551459,0.0045514586,0.00040075104,0.009324453,0.0039725431706756,0.0079450863413512,0.002564468467608,0.0128223423380404,0.0025525608410437,0.0153153650462627,0.0024659869128039,0.0172619083896279,0.0023485246036822,0.0352278690552338,9.444336,0.94443357,0,0,0
1,0.0057821884,0.006308809,0.0022144988,0.00641503,0.007370298,0.017427498,0.004069922,0.011591467,0.0092701595,0.07437692,0.1448267999999999,0.01448268,0.0022144988,0.07437692,0.014610553625971,0.0292211072519421,0.023973342962563,0.1198667148128152,0.0261762671483059,0.1570576028898358,0.026487983896264,0.185415887273848,0.1104471078142523,1.6567066172137856,9.368164,0.9368164,0,0,0
1,0.052375574,0.05583995,0.0711057559999999,0.061315563,0.012114318,0.02383626,0.028978668,0.0155382589999999,0.0015923926,0.002187781,0.32488453,0.032488454,0.0015923926,0.0711057559999999,0.0325669627636671,0.0651339255273342,0.0314004953950643,0.1570024769753217,0.0317719923332333,0.1906319539994001,0.0318190080246755,0.2227330561727285,0.0242471535767739,0.3637073036516085,9.2265625,0.92265624,0,0,0
1,0.052079797,0.040899202,0.032526817,0.0439034,0.03619471,0.04876212,0.020013265,0.06723645,0.06389622,0.03493037,0.44044235,0.044044234,0.020013265,0.06723645,0.0536350794136524,0.1072701588273048,0.0964674159884452,0.4823370799422264,0.1017830433944861,0.6106982603669167,0.1026292954172406,0.7184050679206848,0.1265204573671023,1.8978068605065344,9.47168,0.947168,0,0,0
1,0.001697709,0.002766927,0.0036160662,0.002497418,0.0024309808,0.0029990345,0.0017237242,0.002440321,0.00040690103,0.0009532281,0.0215323079999999,0.0021532306,0.00040690103,0.0036160662,0.0019142576493322,0.0038285152986645,0.0022756148595362,0.0113780742976814,0.0023383863347892,0.0140303180087357,0.0022909213522715,0.0160364494659006,0.0024189411662518,0.0362841174937784,9.469727,0.94697267,0,0,0
1,0.00078125,0.00454157,0.0025927485,0.002428066,0.0023823702,0.0014630341,0.0019574605,0.0043444536,0.0008618621,0.0039015,0.025254315,0.0025254316,0.00078125,0.00454157,0.0084349426906555,0.0168698853813111,0.004466588597279,0.0223329429863952,0.0040480313182342,0.0242881879094056,0.003645957788519,0.0255217045196332,0.0028059447999112,0.0420891719986684,9.476074,0.9476074,0,0,0
1,0.0010820813,0.0027382476,0.0041651404,0.0018516276999999,0.0026082834,0.0023984944,0.003000702,0.0018939045999999,0.00078395795,0.0006639348599999,0.021186372,0.0021186373,0.0006639348599999,0.0041651404,0.0028330470668151,0.0056660941336303,0.0032332128379493,0.0161660641897469,0.0033604124328121,0.0201624745968729,0.003274744176971,0.0229232092387974,0.0036425428620229,0.0546381429303437,8.9140625,0.89140624,0,0,1
1,0.0048247417,0.002695344,0.0023188076,0.0012302146,0.0012152928,0.0029451991,0.0012457038,0.0008241529,0.00043673202,0.0045097265,0.022245916,0.0022245916,0.00043673202,0.0048247417,0.0022364350734278,0.0044728701468557,0.0022861168254166,0.0114305841270834,0.0022582035744562,0.0135492214467376,0.0024423826086734,0.0170966782607138,0.0029383178955564,0.0440747684333473,8.935547,0.8935546999999998,0,0,1
1,0.01627787,0.0004694727999999,0.0019585427,0.0009044559599999,0.0014218965,0.0007758484,0.0003960132,0.0031406434999999,0.0014720598,0.0031640893,0.0299808939999999,0.002998089,0.0003960132,0.01627787,0.0029063313268125,0.005812662653625,0.0027400446590036,0.013700223295018,0.002819777582772,0.0169186654966324,0.0029538806993514,0.02067716489546,0.0037667908822186,0.0565018632332794,9.36377,0.9363769,0,0,0
1,0.002034961,0.0020843504,0.0037337467,0.0025146485,0.00032060084,0.0007423017,0.0008463542,0.00070119335,0.0009837248,0.0011991522999999,0.0151610339999999,0.0015161034,0.00032060084,0.0037337467,0.002393874397967,0.004787748795934,0.0021370956441387,0.0106854782206937,0.0021707520936615,0.0130245125619694,0.0023094032990879,0.0161658230936154,0.0025214843374366,0.0378222650615498,9.498047,0.94980466,0,0,0
1,0.0075800936,0.0021523796,0.003188443,0.0017209992999999,0.0012207030999999,0.00037961925,0.0036666998999999,0.0027382476,0.001970918,0.0019043143,0.026522418,0.0026522418,0.00037961925,0.0075800936,0.0022903520730324,0.0045807041460648,0.001934828213416,0.0096741410670802,0.002024526882451,0.0121471612947061,0.0021412127285397,0.0149884890997782,0.0021935513398299,0.0329032700974494,9.480469,0.94804686,0,0,0
1,0.0009321498,0.0030011537,0.0018345056,0.0009132367999999,0.0015048078,0.0012922809,0.0012283829,0.00078395795,0.0015831327,0.0033969609999999,0.01647057,0.001647057,0.00078395795,0.0033969609999999,0.001598218572326,0.003196437144652,0.0020244238898158,0.010122119449079,0.0019859796351132,0.0119158778106793,0.0019995342507692,0.0139967397553846,0.0027820439116718,0.0417306586750783,9.400879,0.9400879,0,0,0
1,0.0049837655,0.001987544,0.004473869,0.0046692737,0.0024795735,0.0039305883,0.0025323764,0.0050147115,0.0010076697,0.012705824,0.043785196,0.0043785195,0.0010076697,0.012705824,0.0074603713583201,0.0149207427166402,0.0101676264777779,0.0508381323888897,0.0124032064341008,0.0744192386046052,0.0142881350059594,0.1000169450417161,0.0725678653145829,1.0885179797187448,9.394043,0.9394043,0,0,0
1,0.0084675469999999,0.004687952,0.003095188,0.0041269315,0.0026554682,0.0014370924,0.0019781626999999,0.00375818,0.0002604166799999,0.0048807506,0.035347685,0.0035347685,0.0002604166799999,0.0084675469999999,0.0037655894411727,0.0075311788823455,0.0032053351402282,0.0160266757011413,0.003335481431956,0.0200128885917365,0.0039541053452662,0.0276787374168634,0.0036827540878827,0.055241311318241,8.869141,0.8869140999999999,0,0,1
1,0.0055929935,0.0059445663,0.009181765,0.01632431,0.020803303,0.0140650669999999,0.027128369,0.025296306,0.0017520764,0.02465463,0.15074338,0.015074338,0.0017520764,0.027128369,0.0191185330040752,0.0382370660081505,0.0241880593821406,0.1209402969107031,0.027131780826797,0.1627906849607825,0.0309874456641929,0.2169121196493506,0.070375522909065,1.0556328436359763,8.966797,0.8966796999999999,0,0,1
1,0.010147274,0.0033228646,0.0009389455999999,0.0044545704,0.0062366673,0.0014905023999999,0.0053753336,0.01165393,0.004166667,0.0010436992,0.0488304529999999,0.0048830453,0.0009389455999999,0.01165393,0.0083057843148708,0.0166115686297416,0.0099612024612724,0.0498060123063623,0.01055194507353,0.0633116704411804,0.0118016920584653,0.0826118444092571,0.0225586985237896,0.3383804778568446,9.000488,0.90004885,0,0,1
1,0.008010195,0.0025442739,0.0016601563,0.0070840995999999,0.009563058,0.0034757638,0.0037961928,0.011661463,0.001959895,0.0014557734,0.05121087,0.0051210867,0.0014557734,0.011661463,0.0041609985055401,0.0083219970110803,0.0045568647328764,0.0227843236643821,0.0051558016566559,0.0309348099399358,0.006620490424601,0.0463434329722076,0.0192298413719981,0.2884476205799729,9.34668,0.93466794,0,0,0
1,0.0022135417,0.00094793097,0.00084007083,5.493164e-05,0.0009792714,0.0019509535999999,0.0005823094,0.00014557735,0.0007380068,0.0070412083999999,0.015493802,0.0015493801,5.493164e-05,0.0070412083999999,0.0020557246170938,0.0041114492341876,0.0020537641597911,0.0102688207989558,0.0020582804572768,0.0123496827436611,0.0020237807517072,0.014166465261951,0.0028025897724243,0.0420388465863652,9.423828,0.9423828000000002,0,0,0
1,0.0017371959,0.0023698276,0.0027438528,0.0015679159,0.0024018057,0.0018725683,0.0019509535999999,0.0021714948,0.0014763723999999,0.0058176317,0.024109617,0.0024109618,0.0014763723999999,0.0058176317,0.0031410584924742,0.0062821169849485,0.0042099034879356,0.0210495174396783,0.0041452663717791,0.0248715982306748,0.0041077289331172,0.0287541025318205,0.0062151135721554,0.0932267035823315,9.345215,0.9345215,0,0,0
1,0.0029869974,0.00092587643,0.00384087,0.002888127,0.0020224252,0.0008544534,0.0025755262,0.0030159465999999,0.0020187253,0.0016451689,0.022774115,0.0022774114999999,0.0008544534,0.00384087,0.0027420902624726,0.0054841805249452,0.0026990060694515,0.0134950303472578,0.002426134829875,0.0145568089792504,0.0022564415454066,0.0157950908178463,0.0020927507391509,0.0313912610872648,9.447266,0.9447266,0,0,0
1,0.00060023076,0.004103629,0.005351626,0.0020873984,0.0016412998,0.0019362334,0.0029403556,0.004296998,0.0011200944,0.0018371029,0.025914967,0.0025914968,0.00060023076,0.005351626,0.0027399398386478,0.0054798796772956,0.0025247616227716,0.0126238081138581,0.0025835585935662,0.0155013515613973,0.0027984299563935,0.019589009694755,0.0033252285327762,0.0498784279916435,8.92627,0.89262694,0,0,1
1,0.02005338,0.003663375,0.0151167389999999,0.0067262406999999,0.0059419814,0.0014967115,0.0018414239,0.0042678704,0.0005787157,0.0003682848,0.060054723,0.0060054719999999,0.0003682848,0.02005338,1.4080208272207528,2.8160416544415057,0.5664658131077885,2.832329065538944,0.472945829698195,2.8376749781891704,0.4069865737110376,2.8489060159772635,0.3263782684380809,4.895674026571213,8.616943,0.86169434,0,1,1
1,0.0554483,0.0046182675,0.011846275,0.0060406704,0.0030383496,0.0018018872,0.0028534643,0.0043349694,0.0031138326,0.011098304,0.10419433,0.010419432,0.0018018872,0.0554483,0.0070305997505784,0.0140611995011568,0.4009981667622924,2.004990833811462,0.3355488288216293,2.013292972929776,0.2900119614122169,2.0300837298855186,0.15992719437927,2.3989079156890507,8.571533,0.8571533000000001,0,1,1
1,0.0032552083,0.002806473,0.0034305402,0.0029260681,0.0060518864,0.0038381446999999,0.0012889968,0.0018506082,0.0009462527,0.012306238,0.038700417,0.0038700415999999,0.0009462527,0.012306238,0.0041393805295228,0.0082787610590457,0.0039017276838421,0.0195086384192109,0.0037995264089355,0.0227971584536135,0.0043067447175937,0.0301472130231559,0.0127980013688405,0.191970020532608,9.345703,0.9345703000000002,0,0,0
1,0.0048440304,0.0014337705,0.001250716,0.0016324999999999,0.0020393822,0.0024472587,0.0032323415,0.0014557734,0.0019542098,0.0016595379,0.02194952,0.002194952,0.001250716,0.0048440304,0.001906122721266,0.003812245442532,0.0020383823662996,0.0101919118314981,0.0022098685537154,0.0132592113222926,0.0024719337067965,0.0173035359475761,0.0024729986985524,0.0370949804782867,9.484863,0.9484863,0,0,0
1,0.001865436,0.0016779328,0.0013298632,0.0021826592,0.0007948642599999,0.0017529833,0.002867541,0.002876396,0.0005605790599999,0.002029327,0.017937584,0.0017937584,0.0005605790599999,0.002876396,0.0019373101531527,0.0038746203063055,0.0018551192479208,0.009275596239604,0.0019668379682116,0.0118010278092697,0.0037350688029878,0.0261454816209152,0.0028010882786475,0.0420163241797126,9.454102,0.94541013,0,0,0
1,0.02718355,0.0020432754,0.004609627,0.0015475082999999,0.00055726134,0.0036604293,0.0069998335,0.0023085028,0.0003973487999999,0.0020432754,0.0513506159999999,0.005135061,0.0003973487999999,0.02718355,0.0039308585692197,0.0078617171384394,0.0043469201307743,0.0217346006538718,0.0047536165996765,0.028521699598059,0.0048372690632407,0.033860883442685,0.0041671335076292,0.0625070026144385,9.436523,0.94365233,0,0,0
1,0.0028047734,0.008078838,0.004777694,0.016642235,0.0016939599,0.0014337705,0.0016902025,0.0088486609999999,0.00043620093,0.0012549452,0.047661282,0.004766128,0.00043620093,0.016642235,0.0086679738014936,0.0173359476029872,0.0060004217550158,0.0300021087750792,0.005530581343919,0.0331834880635142,0.0052635122888854,0.0368445860221982,0.0079648817578951,0.1194732263684272,9.3671875,0.93671876,0,0,0
1,0.0431012059999999,0.019893372,0.021564545,0.029309966,0.026020255,0.020104153,0.032697868,0.0073917075,0.013150558,0.018393656,0.23162727,0.0231627279999999,0.0073917075,0.0431012059999999,0.0197834968566894,0.0395669937133789,0.0295432694256305,0.1477163471281528,0.0336396303027868,0.2018377818167209,0.0343848993735654,0.2406942956149578,0.0795371902485688,1.1930578537285328,8.947266,0.8947265999999999,0,0,1
1,0.0012922809,0.007178085,0.0006347656,0.0019205729999999,0.0021417688,0.0020583242,0.0046148244,0.0027536831,0.00084826915,0.009442629,0.0328851999999999,0.00328852,0.0006347656,0.009442629,0.0053192873019725,0.010638574603945,0.0069555242545902,0.0347776212729513,0.0069833785140266,0.0419002710841596,0.006603325451059,0.046223278157413,0.0426442098493377,0.639663147740066,9.415527,0.94155276,0,0,0
1,0.010102703,0.005133743,0.005038322,0.0029591976,0.005075307,0.0055067167,0.003776603,0.004329549,0.0004231771,0.0038687708,0.04621409,0.0046214093,0.0004231771,0.010102703,0.0047411229461431,0.0094822458922863,0.0044943971093744,0.022471985546872,0.0045988453784957,0.0275930722709745,0.0043991403654217,0.0307939825579524,0.0101850737507144,0.1527761062607169,9.334473,0.93344724,0,0,0
1,0.0008157529,0.0023590715,0.0023074267,0.0019878272,0.0012527267999999,0.0009321498,0.0030208614,0.003380405,0.002591164,0.004742958,0.0233903429999999,0.0023390343,0.0008157529,0.004742958,0.0027401724364608,0.0054803448729217,0.0024863411672413,0.0124317058362066,0.002480334136635,0.0148820048198103,0.0025091493901397,0.0175640457309782,0.0024527554710706,0.0367913320660591,9.465332,0.9465332,0,0,0
1,0.02310696,0.03372892,0.039266016,0.040739655,0.04485389,0.027542299,0.02894655,0.038269162,0.008934465,0.015401264,0.3007892,0.030078918,0.008934465,0.04485389,0.0331494826823473,0.0662989653646946,0.0402254603803157,0.2011273019015789,0.0463925382743279,0.2783552296459675,0.0535115690103599,0.3745809830725193,0.0964951448142528,1.4474271722137928,8.8984375,0.88984376,0,0,1
1,0.0015254394,0.0003070957299999,0.00013122165,0.0011610021,0.00016276042,0.0048845485,0.0021563144,0.002876396,0.0014096405,0.0015585159,0.016172934,0.0016172935,0.00013122165,0.0048845485,0.001819648023229,0.0036392960464581,0.0022128518670797,0.0110642593353986,0.0025180973267803,0.0151085839606821,0.002662586281076,0.0186381039675325,0.0024204378481954,0.0363065677229315,9.470215,0.9470215,0,0,0
1,0.0028175893,0.0022939981,0.002559029,0.0015240494,0.0016470196,0.0013405769,0.0009841287,0.0012004614999999,0.0005787157,0.0051217643,0.020067332,0.0020067333,0.0005787157,0.0051217643,0.0019798632129095,0.003959726425819,0.0054544492391869,0.0272722461959347,0.0051903812952029,0.0311422877712175,0.00507871532214,0.0355510072549805,0.0054372337258731,0.0815585058880969,9.380859,0.9380859,0,0,0
1,0.0125179589999999,0.0024509362,0.0022581505999999,0.0018100832,0.0012048669,0.003828535,0.00046035598,0.0019469439,0.0013218710999999,0.0003460333999999,0.028145734,0.0028145737,0.0003460333999999,0.0125179589999999,0.0026779748732224,0.0053559497464448,0.0027841153088957,0.0139205765444785,0.0029465126572176,0.017679075943306,0.0030529159121215,0.0213704113848507,0.003717040126988,0.0557556019048206,9.36084,0.936084,0,0,0
1,0.0125921555,0.007202254,0.00085631164,0.0033766413,0.0034147508,0.009244406,0.0058020377,0.0023470256,0.0010662981,0.0016927083,0.04759459,0.004759459,0.00085631164,0.0125921555,0.0048054351937025,0.0096108703874051,0.004748903773725,0.0237445188686251,0.0053653482658167,0.0321920895949006,0.0055673897399434,0.0389717281796038,0.0051797100808471,0.0776956512127071,9.437988,0.94379884,0,0,0
1,0.0267462529999999,0.039117325,0.005237548,0.0062421959999999,0.0067589288,0.007342299,0.0030159465999999,0.008454773,0.0040264786,0.005368627,0.11231038,0.011231038,0.0030159465999999,0.039117325,0.0108252349309623,0.0216504698619246,0.3996144108474254,1.9980720542371275,0.3360369785999258,2.016221871599555,0.2892177158168384,2.024524010717869,0.1533952665825685,2.300928998738528,8.595947,0.8595947,0,1,1
1,0.004480496,0.006114595,0.0038627407,0.009300159,0.009182125,0.0052006985,0.0056843627,0.010655277,0.0041651404,0.0073990677,0.066044666,0.0066044666,0.0038627407,0.010655277,0.0044145290739834,0.0088290581479668,0.0033114432822912,0.0165572164114564,0.0030058417857314,0.0180350507143884,0.0028790982905775,0.0201536880340427,0.0031128681420038,0.0466930221300572,8.924316000000001,0.8924315999999999,0,0,1
1,0.0148879789999999,0.004677543,0.0025320102,0.00575705,0.001572408,0.00065912947,0.0008501116,0.0024912446,0.0015897285,0.005859375,0.040876582,0.004087658,0.00065912947,0.0148879789999999,0.0038112133042886,0.0076224266085773,0.0035394218284636,0.0176971091423183,0.0033523889724165,0.0201143338344991,0.003442935246442,0.0241005467250943,0.0036356635934983,0.0545349539024755,8.900391,0.8900391,0,0,1
1,0.05547812,0.030895082,0.0595533,0.04263325,0.057479784,0.0309866829999999,0.05275283,0.06594888,0.0366976929999999,0.07758461,0.51001024,0.051001024,0.030895082,0.07758461,0.0475226286798715,0.0950452573597431,0.0730396844446659,0.3651984222233296,0.0888896839072306,0.5333381034433842,0.0945284691240106,0.6616992838680744,0.1182004394630591,1.7730065919458866,9.452637,0.9452637,0,0,0
1,0.0020380828,0.0010049056,0.002148684,0.0015253145,0.002021377,0.0020224252,0.0010497732,0.0006510417,0.000664047,0.0052606619999999,0.0183863139999999,0.0018386313,0.0006510417,0.0052606619999999,0.0020580214331857,0.0041160428663715,0.0025364759610965,0.0126823798054829,0.0025556102821913,0.0153336616931483,0.0023422057607344,0.0163954403251409,0.0021231310403284,0.0318469656049273,9.446289,0.9446289,0,0,0
1,0.0024377142999999,0.0035224,0.0021596442,0.017925916,0.0070583434,0.0017948718,0.0015313325,0.0029708121,0.0019849474,0.0021158855,0.043501865,0.0043501863,0.0015313325,0.017925916,0.0031784598249942,0.0063569196499884,0.0038105225889012,0.0190526129445061,0.0052704054202574,0.0316224325215444,0.0050703534424038,0.0354924740968272,0.004998300030517,0.0749745004577562,9.388184,0.93881834,0,0,0
1,0.027143054,0.017067794,0.00587175,0.012459413,0.0072439359999999,0.017821366,0.020214712,0.025229046,0.0058063282999999,0.0060414597,0.14489886,0.014489886,0.0058063282999999,0.027143054,0.0076386505679693,0.0152773011359386,0.004754236608278,0.02377118304139,0.0048030662874225,0.0288183977245353,0.0047876041831581,0.0335132292821072,0.004036583561295,0.0605487534194253,9.340332,0.9340332,0,0,0
1,0.0038697296,0.00078395795,0.0044789584,0.0047810579999999,0.0026787813,0.019144427,0.0013421568,0.0052428055,0.003568427,0.008659098,0.0545494,0.00545494,0.00078395795,0.019144427,0.0044625886948779,0.0089251773897558,0.0039657407440245,0.0198287037201225,0.0041149233778317,0.0246895402669906,0.0042820992613477,0.0299746948294341,0.0045742726574341,0.0686140898615121,9.355469,0.9355469,0,0,0
1,0.016717453,0.012160371,0.0107045425,0.0099011855,0.005774945,0.0022269646,0.0019800658,0.0029629547999999,0.0025901417,0.0029970905999999,0.06801572,0.0068015717,0.0019800658,0.016717453,0.0066024274565279,0.0132048549130558,0.0071169407106935,0.0355847035534679,0.0119983442903806,0.071990065742284,0.0150853257759341,0.1055972804315388,0.0627650743039945,0.9414761145599186,9.430664,0.9430664,0,0,0
1,0.0005684977,0.0056004724,0.0050723836999999,0.0004394531,0.002324228,0.001849749,0.0018679904999999,0.0025586537,0.0024158822,0.0014749363,0.024172245,0.0024172247,0.0004394531,0.0056004724,0.0032017187913879,0.0064034375827759,0.0040124635677784,0.0200623178388923,0.0043985854135826,0.0263915124814957,0.0040567708866936,0.0283973962068557,0.0036665206542238,0.0549978098133578,8.923828,0.8923828000000001,0,0,1
1,0.0036541072,0.016775727,0.019971173,0.025774103,0.025344592,0.012515034,0.027020367,0.0226564179999999,0.012545397,0.02674482,0.19300175,0.019300174,0.0036541072,0.027020367,0.0171872559003531,0.0343745118007063,0.0208040846511721,0.1040204232558608,0.0233734118131299,0.1402404708787799,0.0260129798469798,0.1820908589288592,0.0623592810705304,0.9353892160579562,8.985352,0.89853513,0,0,1
1,0.00083374017,0.00210358,0.0022482157,0.0007452511999999,0.0020965158,0.0006702884599999,0.0016889481,0.0015198720999999,0.0007510053,0.0063893376,0.019046754,0.0019046754,0.0006702884599999,0.0063893376,0.0021888478077016,0.0043776956154033,0.0022271233610808,0.0111356168054044,0.0020752374354439,0.0124514246126636,0.0020414365655077,0.0142900559585541,0.0020459245075471,0.0306888676132075,9.46875,0.946875,0,0,0
1,0.0054738823999999,0.0036644234999999,0.005913021,0.0036828478,0.0067242905,0.005029575,0.002021377,0.0068197977,0.0013166503,0.0013457049,0.041991573,0.0041991575,0.0013166503,0.0068197977,0.0031210271408781,0.0062420542817562,0.0036471856292337,0.0182359281461685,0.0035933728019396,0.0215602368116378,0.003537374615137,0.0247616223059594,0.0034369046178956,0.0515535692684352,9.315918,0.9315918,0,0,0
1,0.009391502,0.002002681,0.0026333006,0.0026565372999999,0.0021947927,0.0005932528,0.001171875,0.0025623266,0.0007926950299999,0.001414799,0.02541376,0.002541376,0.0005932528,0.009391502,0.0028173486934974,0.0056346973869949,0.0029729004483669,0.0148645022418349,0.0030926396138966,0.0185558376833796,0.0030805121641606,0.0215635851491242,0.0038658828590996,0.0579882428864948,9.355469,0.9355469,0,0,0
1,0.0023482667999999,0.0030285686,0.003938802,0.0023892126,0.0015142843,0.0008052941,0.0007592385,0.00410621,0.0011060826,0.00487282,0.02486878,0.002486878,0.0007592385,0.00487282,0.002199457376264,0.004398914752528,0.0023785344557836,0.0118926722789183,0.0022682537673972,0.0136095226043835,0.002141778490373,0.0149924494326114,0.0031328865482161,0.0469932982232421,9.4375,0.94375,0,0,0
1,0.0011048542999999,0.0015519528,0.0008164021,0.0010104775,0.00061268,0.00065428874,0.0002604166799999,0.000390625,0.001636066,0.0045002005,0.0125379639999999,0.0012537964,0.0002604166799999,0.0045002005,0.0019582966924645,0.003916593384929,0.0018696888117119,0.0093484440585598,0.0020925355105039,0.0125552130630239,0.00222633474706,0.0155843432294204,0.0019633395403313,0.0294500931049697,9.457031,0.94570315,0,0,0
1,0.009622665,0.0045572915,0.0004026470399999,0.0019997852,0.0021048547,0.0032277487,0.0006479827,0.008178173,0.004272267,0.0019843425,0.036997758,0.0036997758,0.0004026470399999,0.009622665,0.0042468956671655,0.008493791334331,0.0034530720673501,0.0172653603367507,0.0036432901397347,0.0218597408384084,0.0035557286547763,0.0248901005834341,0.0037484749841193,0.05622712476179,8.8125,0.88125,0,0,2
1,0.011024135,0.0015080610999999,0.0069700424,0.0033778963,0.003003977,0.0030731733,0.0052553215,0.013315011,0.0031267371999999,0.0028047734,0.053459127,0.0053459127,0.0015080610999999,0.013315011,0.0082884752191603,0.0165769504383206,0.0076754327863454,0.0383771639317274,0.3339029944812258,2.003417966887355,0.2887953977499689,2.0215677842497826,0.149536599094669,2.243048986420036,8.600464,0.8600464,0,1,1
1,0.0076084575,0.0037012163,0.0013282686999999,0.0015699632999999,0.0001029387299999,0.0030427058,0.0010697783,0.004963312,0.0022739908,0.0052566322999999,0.0309172629999999,0.0030917266999999,0.0001029387299999,0.0076084575,0.0033957512350752,0.0067915024701505,0.0035588764119893,0.0177943820599466,0.0033928478369489,0.0203570870216935,0.0035644953604787,0.0249514675233513,0.0037796019421269,0.0566940291319042,8.819824,0.88198245,0,0,2
1,0.04258655,0.008811219,0.02779129,0.015437378,0.012832093,0.0031040877,0.0125570055,0.0024509362,0.0011646188,0.0025115784,0.12924676,0.012924676,0.0011646188,0.04258655,0.0097819538787007,0.0195639077574014,0.0064043944701552,0.0320219723507762,0.0063419882208108,0.0380519293248653,0.0061869180894323,0.0433084266260266,0.005621056832994,0.0843158524949103,9.427246,0.9427246,0,0,0
1,0.027655026,0.012540835,0.0164207439999999,0.010938904,0.017053315,0.013615529,0.0120137919999999,0.0221397339999999,0.0078654885,0.02379929,0.16404265,0.016404266,0.0078654885,0.027655026,0.0232415916398167,0.0464831832796335,0.03573501072824,0.1786750536412,0.0362552612399061,0.2175315674394369,0.042108499311975,0.2947594951838255,0.0887393791228532,1.3310906868427992,8.905273,0.89052737,0,0,1
1,0.0067667826,0.009262427,0.0057794615,0.005846702,0.0031614509999999,0.008741768,0.0028185293,0.0008884989,0.0020690428,0.003179457,0.048514117,0.0048514116,0.0008884989,0.009262427,0.0038493028841912,0.0076986057683825,0.0054865261539816,0.0274326307699084,0.0057020448924352,0.0342122693546116,0.0057352154648729,0.0401465082541108,0.0052183584154893,0.0782753762323409,9.400879,0.9400879,0,0,0
1,0.0072396193,0.0031927603,0.0012004614999999,0.00307182,0.0033443656,0.0025993302,0.0016950738,0.0013085775,0.00087588694,0.0034109862,0.02793888,0.002793888,0.00087588694,0.0072396193,0.0054508971516042,0.0109017943032085,0.0053351347800344,0.0266756739001721,0.0061745623049015,0.0370473738294094,0.0068630334987704,0.0480412344913929,0.0074839563885082,0.1122593458276242,8.907227,0.89072263,0,0,1
1,0.003963475,0.0032578115,0.0032578115,0.003447487,0.0037502768,0.004226509,0.0030874861,0.0020443772,0.0023166933,0.0038234496,0.033175375,0.0033175375,0.0020443772,0.004226509,0.0028673810884356,0.0057347621768713,0.0039995009545236,0.0199975047726184,0.0038966425539304,0.0233798553235828,0.0042441499951694,0.0297090499661862,0.003581397786426,0.0537209667963907,8.921387,0.89213866,0,0,1
1,0.0058830404,0.0065768096,0.0021325962,0.002347364,0.0045416866999999,0.004404053,0.00525895,0.0036107874,0.00026843135,0.0063921553,0.041415874,0.0041415873,0.00026843135,0.0065768096,0.0061460367869585,0.0122920735739171,0.0158345860429108,0.079172930214554,0.0186102307246377,0.1116613843478262,0.020615265105984,0.1443068557418882,0.0276557830783228,0.4148367461748421,9.32959,0.93295896,0,0,0
1,0.0032323415,0.0027078951,0.0018171673999999,0.0023229166,0.0018779795,0.0012577916,0.0010877756,0.0027096556,0.00032552084,0.0030350345,0.02037408,0.0020374078,0.00032552084,0.0032323415,0.0024471813812851,0.0048943627625703,0.0024349165614694,0.0121745828073471,0.0031298415657753,0.0187790493946522,0.0030005201364734,0.021003640955314,0.0028560619490842,0.042840929236263,8.934569999999999,0.89345706,0,0,1
1,0.0049688597,0.0040794136,0.00846949,0.0052874843,0.0030083833,0.0014455471,0.0009916371,0.0011369954,0.00089384965,0.0024347918,0.03271645,0.0032716454,0.00089384965,0.00846949,0.0027124379994347,0.0054248759988695,0.0023016818333417,0.0115084091667085,0.0024416199497257,0.0146497196983546,0.0024717090584869,0.0173019634094089,0.0025148416791732,0.0377226251875981,9.479492,0.94794923,0,0,0
1,0.0019832742,0.0037291676,0.0055800956,0.0053842217,0.0017356941,0.0026704615,0.0019585427,0.009647781,0.0024396696,0.00061763235,0.035746537,0.003574654,0.00061763235,0.009647781,0.0035695176338776,0.0071390352677553,0.0038858622312545,0.0194293111562728,0.0040067078080028,0.0240402468480169,0.0038092955946922,0.0266650691628456,0.0051801839532951,0.0777027592994272,8.881836,0.8881836,0,0,1
1,0.0016315058,0.0010820813,0.0013594148999999,0.00082097267,0.0029435796,0.0016804569,0.0005248866,0.0040641897,0.003445364,0.0015679159,0.019120365,0.0019120367,0.0005248866,0.0040641897,0.0017466854187659,0.0034933708375319,0.0022245289059355,0.0111226445296779,0.0020842618929843,0.0125055713579058,0.002233387137364,0.0156337099615484,0.0036699095585693,0.0550486433785408,9.413574,0.94135743,0,0,0
1,0.0073484117,0.0038433521999999,0.0074030766,0.0048845485,0.0017868839999999,0.002431839,0.00029845574,0.0013671875,0.0013218710999999,0.0049581854,0.035643812,0.0035643813,0.00029845574,0.0074030766,0.0045994418906047,0.0091988837812095,0.0040931185707449,0.0204655928537249,0.0038484025280922,0.0230904151685535,0.0037266958305346,0.0260868708137422,0.0055061475684245,0.0825922135263681,8.899414,0.8899414000000001,0,0,1
1,0.009108303,0.0026074199,0.0060961978,0.0034529766999999,0.0022714264,0.0006639348599999,0.0050672623,0.0027956915999999,0.0018790195,0.0048828125,0.038825043,0.0038825043,0.0006639348599999,0.009108303,0.004501795512624,0.0090035910252481,0.0045050481334328,0.0225252406671643,0.0044444713275879,0.0266668279655277,0.0049739020344402,0.0348173142410814,0.017246709857136,0.2587006478570401,9.34375,0.934375,0,0,0
0,0.5198012,0.5758629,0.49738628,0.5575165,0.5967591999999999,0.6605603,0.5521357,0.7479095,0.5496914,0.6188191,5.876442,0.5876442,0.49738628,0.7479095,0.6118209958076477,1.2236419916152954,0.5829071640968323,2.9145358204841614,0.5764319598674774,3.4585917592048645,0.5764307379722595,4.035015165805817,0.5429487228393555,8.144230842590332,9.624512,0.96245116,0,0,0
0,0.0254930029999999,0.016359618,0.010086734,0.04041235,0.011334905,0.0130491639999999,0.018168146,0.005469525,0.0035730638,0.0398537439999999,0.18380025,0.018380025,0.0035730638,0.04041235,0.0141476835124194,0.0282953670248389,0.0164325339719653,0.0821626698598265,0.0175956734456121,0.1055740406736731,0.020322523878089,0.1422576671466231,0.0315757326160868,0.473635989241302,8.760254,0.8760254000000001,0,0,1
0,0.08398353,0.054410737,0.13206296,0.0289452999999999,0.033334482,0.04447377,0.013522178,0.0693034999999999,0.044908334,0.0041362047,0.509081,0.0509081,0.0041362047,0.13206296,0.0450378097593784,0.0900756195187568,0.0680931761860847,0.3404658809304237,0.0784316944579283,0.4705901667475701,0.0830393199409757,0.5812752395868301,0.0700693886727094,1.0510408300906422,8.624023,0.8624023000000001,0,0,2
0,0.035899386,0.063196965,0.055801347,0.0638050959999999,0.047768895,0.09123426,0.08238829,0.06966389,0.020907689,0.014454921,0.5451206999999999,0.054512072,0.014454921,0.09123426,0.0672028232365846,0.1344056464731693,0.0620884232223033,0.3104421161115169,0.0567061739663283,0.3402370437979698,0.0548609979450702,0.3840269856154919,0.0722739818195501,1.084109727293253,9.385254,0.9385254,0,0,0
0,0.019632094,0.079401106,0.05973662,0.0242862329999999,0.0197866339999999,0.0557037959999999,0.011696379,0.08803728,0.03758339,0.06967327,0.4655368,0.04655368,0.011696379,0.08803728,0.0476935729384422,0.0953871458768844,0.0871484994888305,0.4357424974441528,0.1043552458286285,0.6261314749717712,0.0999279873711722,0.6994959115982056,0.090785851329565,1.3617877699434755,8.621094,0.86210936,0,0,2
0,0.0631022,0.060596015,0.08199198,0.06096893,0.04608092,0.0224890429999999,0.05088744,0.009667051,0.0049218545,0.13154736,0.5322528,0.05322528,0.0049218545,0.13154736,0.0606323704123497,0.1212647408246994,0.0934403531253338,0.4672017656266689,0.1059358511120081,0.6356151066720486,0.1113790438643523,0.7796533070504665,0.116627396394809,1.7494109459221363,9.475586,0.9475586,0,0,0
0,0.46600667,0.57305396,0.47396043,0.48747283,0.6520055,0.63041204,0.50406134,1.0604829,0.78830606,0.7944565,6.4302187,0.6430218000000001,0.46600667,1.0604829,0.6542783379554749,1.3085566759109497,0.6303227424621582,3.151613712310791,0.6167094906171163,3.7002569437026978,0.6059388433183942,4.24157190322876,0.5830487410227457,8.745731115341188,9.518555,0.9518555,0,0,0
0,0.2619816,0.12739427,0.15260419,0.11966597,0.11328039,0.07872942,0.16815838,0.06155013,0.06619081,0.08063837,1.2301935,0.12301936,0.06155013,0.2619816,0.0812116786837577,0.1624233573675155,0.0641257259994745,0.3206286299973726,0.0751654732351501,0.450992839410901,0.080399944580027,0.5627996120601892,0.1055776329090198,1.5836644936352968,9.458008,0.9458008,0,0,0
0,0.52808374,0.5468558000000001,0.5147550999999999,0.5653703,0.5625118,0.54749733,0.55258375,0.6624380999999999,0.63739234,0.6470733,5.7645617,0.5764560999999999,0.5147550999999999,0.6624380999999999,0.6423863768577576,1.2847727537155151,0.6354412198066711,3.177206099033356,0.6164830227692922,3.698898136615753,0.5941863059997559,4.159304141998291,0.5368768076101939,8.053152114152907,9.547852,0.95478517,0,0,0
0,0.38511747,0.21692085,0.25184336,0.21106544,0.1949289,0.18087919,0.29154268,0.0924355,0.020989532,0.3338994,2.1796224,0.21796224,0.020989532,0.38511747,0.2316675186157226,0.4633350372314453,0.1839208722114563,0.9196043610572816,0.1740031540393829,1.0440189242362976,0.1624508063708032,1.137155644595623,0.0900324892873565,1.350487339310348,9.321289,0.9321289,0,0,0
0,0.2167692,0.071947664,0.042883646,0.08092629,0.052929055,0.0257700679999999,0.04404197,0.06440873,0.0034046727,0.0016890266,0.6047703000000001,0.06047703,0.0016890266,0.2167692,0.0488848127424716,0.0977696254849434,0.0442587070167064,0.2212935350835323,0.0411423655847708,0.246854193508625,0.0399054310151508,0.2793380171060562,0.0436154490957657,0.6542317364364862,7.8635254,0.7863525,0,1,3
0,0.417045,0.11240515,0.13951966,0.16194129,0.096112296,0.11311739,0.0952229,0.15109254,0.08888412,0.0142645369999999,1.389605,0.13896051,0.0142645369999999,0.417045,0.0890661738812923,0.1781323477625847,0.0710776422172784,0.3553882110863924,0.0664269051825006,0.3985614310950041,0.0623874773404428,0.4367123413830996,0.0718022213627894,1.077033320441842,9.084961,0.9084961,0,0,0
0,0.12272562,0.013058644,0.009582484,0.021945568,0.046780847,0.051803548,0.019119797,0.018721608,0.0035278109999999,0.0027469406,0.31001288,0.03100129,0.0027469406,0.12272562,0.0385537995025515,0.0771075990051031,0.0497715760022401,0.2488578800112009,0.0546505305295189,0.3279031831771135,0.0544403581214802,0.3810825068503618,0.0571675922721624,0.8575138840824366,9.152832,0.9152832,0,0,0
0,0.11514635,0.0111217145,0.016831508,0.02971813,0.009865835,0.039851513,0.00317412,0.008463542,0.004874294,0.0008448269,0.23989183,0.023989182,0.0008448269,0.11514635,0.0216524600982666,0.0433049201965332,0.0197146352380514,0.098573176190257,0.0199258467182517,0.1195550803095102,0.0201033784874848,0.1407236494123935,0.0438227750360965,0.6573416255414486,8.584961,0.85849607,0,0,2
0,0.07848973,0.090616114,0.036807764,0.049179457,0.08044136,0.0890367,0.058796667,0.013668929,0.01691083,0.36825952,0.88220704,0.0882207,0.013668929,0.36825952,0.0894613489508628,0.1789226979017257,0.074564453959465,0.3728222697973251,0.0633226252005745,0.3799357512034476,0.0558513748193425,0.3909596237353981,0.0305818897361556,0.458728346042335,9.288086,0.92880857,0,0,0
0,0.025781848,0.016167115,0.025964307,0.027327703,0.021545274,0.005343303,0.084661625,0.0270997379999999,0.0076174656999999,0.12364308,0.36515146,0.036515146,0.005343303,0.12364308,0.0612969845533371,0.1225939691066742,0.112020742893219,0.560103714466095,0.1297621081272761,0.7785726487636566,0.1387728495257241,0.9714099466800692,0.1492107778787613,2.23816166818142,9.402832,0.9402832,0,0,0
0,0.090472884,0.14803232,0.17357032,0.12989452,0.1048308459999999,0.15462555,0.020721134,0.13065362,0.17756411,0.071991906,1.2023572,0.12023572,0.020721134,0.17756411,0.1278056316077709,0.2556112632155418,0.1424596831202507,0.7122984156012535,0.1515720995763937,0.9094325974583626,0.1610586057816233,1.127410240471363,0.1845847502350807,2.768771253526211,8.4157715,0.8415771999999999,0,1,1
0,0.02310329,0.05791377,0.055040173,0.09100286,0.08720316,0.084216334,0.13349518,0.1332115999999999,0.11932264,0.0615381999999999,0.8460472,0.084604725,0.02310329,0.13349518,0.094301376491785,0.1886027529835701,0.1136180058121681,0.5680900290608406,0.1122301233311494,0.6733807399868965,0.1146830181990351,0.8027811273932457,0.1012670102218786,1.5190051533281803,9.155273,0.91552734,0,0,1
0,0.23163365,0.28311065,0.25520107,0.1991813999999999,0.24728702,0.20122221,0.20384946,0.08816704,0.017832482,0.21628144,1.9437664,0.19437663,0.017832482,0.28311065,0.1846534982323646,0.3693069964647293,0.1755118608474731,0.8775593042373657,0.1695454145471255,1.017272487282753,0.1506615435438496,1.0546308048069477,0.0953028991818428,1.4295434877276418,9.275879,0.92758787,0,0,0
0,0.16797115,0.22651435,0.27688226,0.26793832,0.15116118,0.28087133,0.15892383,0.148534,0.1329734,0.15957192,1.9713417,0.19713418,0.1329734,0.28087133,0.2075559124350548,0.4151118248701096,0.2378807842731476,1.189403921365738,0.2314630672335625,1.3887784034013748,0.2309939563274383,1.6169576942920685,0.1769936655958493,2.6549049839377403,8.474121,0.8474120999999999,0,0,2
0,0.074868724,0.0584154759999999,0.051942777,0.07828964,0.076078326,0.065261915,0.117902845,0.08711353,0.006976254,0.005117644,0.62196714,0.06219671,0.005117644,0.117902845,0.080068152397871,0.160136304795742,0.0686092466115951,0.3430462330579757,0.0620625549927353,0.3723753299564123,0.0582745157714401,0.4079216104000807,0.0515210056056578,0.7728150840848684,8.6171875,0.8617188,0,0,2
0,0.30983198,0.29209387,0.1870536,0.13170664,0.102788046,0.07487065,0.08662782,0.0547929999999999,0.06274118,0.072573826,1.3750806,0.13750806,0.0547929999999999,0.30983198,0.1639485210180282,0.3278970420360565,0.1081539206206798,0.5407696031033993,0.12017807799081,0.7210684679448605,0.1119752999927316,0.7838270999491215,0.103470009813706,1.5520501472055912,8.336914,0.8336914000000001,0,0,2
0,0.122771904,0.16829388,0.09868588,0.074444674,0.07704426,0.060388878,0.065741286,0.0048632845,0.013934421,0.0160808619999999,0.70224935,0.07022493,0.0048632845,0.16829388,0.060632498934865,0.12126499786973,0.0480207931250333,0.2401039656251669,0.0476094804083307,0.2856568824499845,0.0480342792080981,0.336239954456687,0.0517561846723159,0.7763427700847387,9.243164,0.9243164,0,0,0
0,0.093355864,0.110417895,0.5062502000000001,0.14665097,0.13960777,0.09427246,0.17242336,0.05206853,0.0074911,0.035152934,1.357691,0.1357691,0.0074911,0.5062502000000001,0.1293011456727981,0.2586022913455963,0.0858757890760898,0.4293789453804493,0.0998186450451612,0.5989118702709675,0.0909756634916578,0.6368296444416046,0.075836469233036,1.1375470384955406,8.767578,0.8767578000000001,0,0,1
0,0.16710383,0.19965245,0.12754752,0.1866063999999999,0.14433831,0.2565285,0.07688586,0.10112513,0.09516113,0.22496347,1.5799125,0.15799125,0.07688586,0.2565285,0.1597230955958366,0.3194461911916733,0.1132030129432678,0.5660150647163391,0.1225863868991534,0.7355183213949203,0.1344957160098212,0.9414700120687484,0.203212067981561,3.048181019723416,8.956543,0.8956543,0,0,1
0,0.29254663,0.2512344,0.27215326,0.22813646,0.2374947999999999,0.19238004,0.36941049,0.118771985,0.07513152,0.27953833,2.316798,0.2316798,0.07513152,0.36941049,0.2382028326392173,0.4764056652784348,0.192154249548912,0.9607712477445602,0.1808616692821184,1.0851700156927109,0.1648586562701634,1.1540105938911438,0.1166559835275014,1.7498397529125214,9.474121,0.94741213,0,0,0
0,0.05180429,0.05479809,0.077911034,0.045910545,0.041039824,0.057808,0.029742707,0.0025532125,0.00904336,0.0023148628,0.37292594,0.037292596,0.0023148628,0.077911034,0.0336906425654888,0.0673812851309776,0.0372754327952861,0.1863771639764309,0.0364768312623103,0.218860987573862,0.0368490437311785,0.2579433061182499,0.0406577507654825,0.6098662614822388,7.8725586,0.7872559,0,1,3
0,0.0141803089999999,0.02889491,0.061836127,0.05739666,0.07593543,0.040373456,0.02240889,0.007854181,0.024964117,0.0016328042,0.3354769,0.033547692,0.0016328042,0.07593543,0.0297348136082291,0.0594696272164583,0.0347837392240762,0.1739186961203813,0.0349314569806059,0.2095887418836355,0.0585029388644865,0.4095205720514059,0.0662533493091662,0.993800239637494,7.824707000000001,0.7824707,0,1,3
0,0.060694005,0.04878,0.088239,0.03379182,0.03307939,0.061354227,0.035358276,0.00857323,0.0029956760999999,0.0009480706599999,0.3738137,0.03738137,0.0009480706599999,0.088239,0.0499135684221982,0.0998271368443966,0.0595117636024952,0.297558818012476,0.0647891977181037,0.3887351863086224,0.0687690467706748,0.4813833273947239,0.1325925288101037,1.988887932151556,8.596191000000001,0.85961914,0,0,1
0,0.64294934,0.4474760999999999,0.83834434,0.10046124,0.07705284,0.19444862,0.20677905,0.20987323,0.077416025,0.112689145,2.90749,0.290749,0.07705284,0.83834434,0.2399644255638122,0.4799288511276245,0.1891545712947845,0.9457728564739228,0.1792704785863558,1.075622871518135,0.1730057384286608,1.2110401690006256,0.1179454075793425,1.769181113690138,7.9921875,0.7992188,0,1,4
0,0.0034116462,0.0016172358,0.0039857365,0.0021479598,0.03583884,0.0069274013,0.00336009,0.009271656,0.0081307255,0.0010360567,0.07572735,0.007572735,0.0010360567,0.03583884,0.0083994495216757,0.0167988990433514,0.0312801522202789,0.1564007611013949,0.0346589589025825,0.2079537534154952,0.0382596694066056,0.2678176858462393,0.050371689752986,0.7555753462947905,8.499512,0.84995115,0,0,2
0,0.29148635,0.2796847,0.30990374,0.3386839,0.32812363,0.4161536,0.25352553,0.17883343,0.49269107,1.4022641000000002,4.2913504,0.42913502,0.17883343,1.4022641000000002,0.4532523602247238,0.9065047204494476,0.3948969274759293,1.9744846373796463,0.3527451778451602,2.116471067070961,0.318219105047839,2.2275337353348728,0.2593733057379722,3.890599586069584,9.321289,0.9321289,0,0,0
0,0.04468814,0.08798533,0.026654571,0.042405114,0.04438414,0.100684576,0.06572266,0.0088855269999999,0.006735136,0.030274067,0.4584193,0.045841925,0.006735136,0.100684576,0.0432990808039903,0.0865981616079807,0.0431540712714195,0.2157703563570976,0.0426294039934873,0.2557764239609241,0.0404980145394802,0.2834861017763615,0.0486822379132111,0.7302335686981678,8.45459,0.845459,0,0,1
0,0.16088213,0.13926345,0.0886051,0.14142103,0.21890937,0.19574286,0.24480765,0.38363227,0.34554482,0.2913737999999999,2.2101824,0.22101824,0.0886051,0.38363227,0.2838427945971489,0.5676855891942978,0.3873918861150741,1.9369594305753708,0.4021083787083626,2.4126502722501755,0.4053568478141512,2.8374979346990585,0.4998098204533259,7.497147306799889,9.163574,0.9163574,0,0,1
0,0.45292914,0.23639287,0.13688411,0.07459429,0.13557936,0.12883434,0.026046956,0.105841964,0.03580379,0.007367134,1.340274,0.13402739,0.007367134,0.45292914,0.1428252160549163,0.2856504321098328,0.1258539155125618,0.629269577562809,0.1177637688815593,0.7065826132893562,0.1122512572578021,0.785758800804615,0.1300319942335287,1.950479913502932,8.721680000000001,0.87216794,0,0,1
0,0.018430918,0.027945535,0.015068429,0.010824155,0.0100271115,0.008290755,0.0121551419999999,0.004604207,0.0023001826,0.0005922892,0.11023872,0.0110238725,0.0005922892,0.027945535,0.0100799980573356,0.0201599961146712,0.0086978271603584,0.0434891358017921,0.0085525397832194,0.0513152386993169,0.0091565820787634,0.0640960745513439,0.0071004920639097,0.1065073809586465,9.206055,0.9206055,0,0,0
0,0.18120018,0.056416992,0.037460245,0.04820305,0.085682355,0.112752356,0.08551947,0.18311544,0.16804238,0.3478737,1.3062661,0.1306266,0.037460245,0.3478737,0.1204027533531189,0.2408055067062378,0.1261180311441421,0.6305901557207108,0.1264570280909538,0.758742168545723,0.1237719559243747,0.8664036914706229,0.1147176134089628,1.7207642011344433,9.520996,0.9520996,0,0,1
0,0.35285714,0.3119898,0.23266491,0.22646098,0.19953606,0.23475383,0.075224854,0.26026472,0.33549842,0.49561986,2.7248704,0.27248704,0.075224854,0.49561986,0.3194097131490707,0.6388194262981415,0.4050010800361633,2.0250054001808167,0.3998981515566508,2.399388909339905,0.3733291519539697,2.613304063677788,0.2678765252232552,4.0181478783488265,9.192383,0.91923827,0,0,0
0,0.15348203,0.21646455,0.16563815,0.108760685,0.07809606,0.075207286,0.05791249,0.06658982,0.00067442545,0.00812796,0.9309535,0.09309535,0.00067442545,0.21646455,0.0917755886912346,0.1835511773824692,0.0871854543685913,0.4359272718429565,0.0748896544488767,0.4493379266932607,0.0649732701879527,0.4548128913156688,0.0349126405082643,0.5236896076239645,9.020508,0.9020508,0,0,2
0,0.33776465,0.28835234,0.38219172,0.32202166,0.3802038,0.22468361,0.41941917,0.31874338,0.10359146,0.11664149,2.8936133,0.28936136,0.10359146,0.41941917,0.2784480154514313,0.5568960309028625,0.2352713108062744,1.176356554031372,0.2232488393783569,1.3394930362701416,0.2109286274228777,1.476500391960144,0.1264444305871923,1.8966664588078856,9.078125,0.9078125,0,0,1
0,0.13331947,0.0682921559999999,0.10723063,0.059665814,0.10595141,0.04679007,0.046860207,0.1814762999999999,0.17591207,0.4592492999999999,1.3847475,0.13847473,0.04679007,0.4592492999999999,0.1367122530937194,0.2734245061874389,0.1382018625736236,0.6910093128681183,0.1506603459517161,0.9039620757102966,0.163385020835059,1.1436951458454132,0.3010780274868011,4.516170412302016,9.414551,0.94145507,0,0,0
0,0.47835734,0.3829790999999999,0.50470287,0.45327508,0.4105005999999999,0.35931745,0.46111023,0.33582643,0.18307938,0.46166113,4.03081,0.4030809999999999,0.18307938,0.50470287,0.3749620169401169,0.7499240338802338,0.3049564599990845,1.5247822999954224,0.2950258503357569,1.7701551020145416,0.2751829411302294,1.9262805879116056,0.1752730614195267,2.6290959212929006,9.294434,0.92944336,0,0,1
0,0.037930567,0.0061550126,0.018595882,0.0076895296,0.024533216,0.008428915,0.022205016,0.0110383839999999,0.0056627993,0.0002781251,0.14251746,0.0142517439999999,0.0002781251,0.037930567,0.0200575711205601,0.0401151422411203,0.0235612286254763,0.1178061431273818,0.0225491376283268,0.1352948257699608,0.024231892212161,0.1696232454851269,0.0175791438203305,0.2636871573049575,9.62207,0.962207,0,0,0
0,0.047869407,0.26073796,0.09886465,0.0455798,0.0496663859999999,0.034867946,0.061678912,0.02588471,0.03327774,0.014961579,0.6733891,0.0673389059999999,0.014961579,0.26073796,0.0545062404125928,0.1090124808251857,0.0410109989345073,0.2050549946725368,0.0414646261682113,0.2487877570092678,0.0389113596507481,0.2723795175552368,0.0389187484979629,0.5837812274694443,8.565918,0.8565918,0,0,2
0,0.188601,0.10697209,0.19018824,0.17483453,0.0874578999999999,0.08531655,0.040637624,0.034348663,0.025142502,0.19676891,1.1302681,0.1130268,0.025142502,0.19676891,0.1496822908520698,0.2993645817041397,0.1510333657264709,0.7551668286323547,0.1457369786997636,0.8744218721985817,0.1435797565749713,1.0050582960247991,0.1230701526006062,1.8460522890090945,9.425293,0.9425293,0,0,0
0,0.23933189,0.14999244,0.18119018,0.163464,0.085223675,0.06768051,0.16150182,0.06948806,0.0119865285,0.310523,1.4403821,0.1440382,0.0119865285,0.310523,0.1436944529414177,0.2873889058828354,0.1297232419252395,0.6486162096261978,0.1239356162647406,0.7436136975884438,0.1232965184109551,0.8630756288766861,0.1065376155078411,1.5980642326176169,9.376953,0.9376953,0,0,0
0,0.105524115,0.07086881,0.06455627,0.0554166029999999,0.07982584,0.07118793,0.08840212,0.07758184,0.07767334,0.25111797,0.94215477,0.09421549,0.0554166029999999,0.25111797,0.0951025821268558,0.1902051642537117,0.0838108167052269,0.4190540835261345,0.0834039164086182,0.5004234984517097,0.0840920284390449,0.5886441990733147,0.0605977022089064,0.9089655331335962,9.652344,0.9652344,0,0,0
0,0.12267768,0.12006071,0.023301562,0.039812572,0.006141915,0.059806462,0.09694806,0.11630987,0.0114043839999999,0.0021761255,0.5986393,0.059863932,0.0021761255,0.12267768,0.0704408548772335,0.1408817097544669,0.0560499817132949,0.2802499085664749,0.0551930014044046,0.3311580084264278,0.0529036468693188,0.3703255280852318,0.0733045389254887,1.0995680838823318,8.704102,0.87041014,0,0,1
0,0.035437502,0.098042876,0.0151584539999999,0.018044628,0.006993245,0.0137897935,0.020320116,0.003975088,0.00815266,0.007487974,0.22740231,0.0227402339999999,0.003975088,0.098042876,0.0183382872492074,0.0366765744984149,0.019483745843172,0.0974187292158603,0.0221088963250319,0.1326533779501915,0.0242906782243933,0.1700347475707531,0.0575504206120967,0.8632563091814518,8.605957,0.8605957000000001,0,0,2
0,0.44507673,0.13949728,0.109674454,0.16351555,0.11327561,0.07949081,0.061194107,0.0301663,0.019319475,0.1465156,1.3077259,0.13077259,0.019319475,0.44507673,0.1021408513188362,0.2042817026376724,0.0813785053789615,0.4068925268948078,0.0774494806925455,0.4646968841552734,0.0734755620360374,0.5143289342522621,0.0574325753996769,0.8614886309951544,8.756592,0.87565917,0,1,1
0,0.08025155,0.035562195,0.06775113,0.05799791,0.0569431859999999,0.050918814,0.032512084,0.00974564,0.005845818,0.25748974,0.6550180999999999,0.0655018,0.005845818,0.25748974,0.0585844423621892,0.1171688847243786,0.0530066803097724,0.2650334015488625,0.0574796659251054,0.3448779955506325,0.0664602092334202,0.4652214646339417,0.0882654999693234,1.323982499539852,9.334961,0.9334961,0,0,0
0,0.009100578,0.009575238,0.0101054159999999,0.008717701,0.008134699,0.002465592,0.009494556,0.0069274777,0.0026692708,0.00069821184,0.06788873,0.006788873,0.00069821184,0.0101054159999999,0.0066125546582043,0.0132251093164086,0.0056952804792672,0.0284764023963362,0.0071294623194262,0.0427767739165574,0.0081275787004934,0.0568930509034544,0.0129128432366997,0.1936926485504955,9.375977,0.93759763,0,0,0
0,0.04335234,0.07667901,0.11291482,0.07190902,0.025051827,0.03507689,0.045778472,0.0044141393,0.010033081,0.0988903,0.5240999,0.052409988,0.0044141393,0.11291482,0.0496712122112512,0.0993424244225025,0.0486304618418216,0.2431523092091083,0.0483820767452319,0.2902924604713917,0.0443217509559222,0.3102522566914558,0.0480644572526216,0.7209668587893248,8.784180000000001,0.87841797,0,0,1
0,0.236398,0.1460997,0.14281674,0.13640144,0.008450072,0.12530343,0.067269154,0.02080697,0.022389654,0.044039734,0.9499749,0.09499749,0.008450072,0.236398,0.1072297096252441,0.2144594192504882,0.1058282643556594,0.5291413217782974,0.0989815096060435,0.593889057636261,0.1042368795190538,0.7296581566333771,0.0855245341857274,1.2828680127859116,9.060547,0.9060547,0,0,0
0,0.49977815,0.41226056,0.39208132,0.3942479,0.5131808,0.45795345,0.41485104,0.6543123000000001,0.51389897,0.6789869000000001,4.9315515,0.49315515,0.39208132,0.6789869000000001,0.5639881640672684,1.1279763281345367,0.6267960369586945,3.1339801847934723,0.9120476891597112,5.472286134958266,0.8766620542321887,6.13663437962532,0.8251293261845907,12.37693989276886,9.334473,0.93344724,0,0,0
0,0.36322492,0.3567005,0.41328332,0.33973992,0.38572496,0.3241144999999999,0.45016906,0.41400963,0.26986873,0.7947229,4.1115584,0.41115585,0.26986873,0.7947229,0.4076508730649948,0.8153017461299896,0.3709174275398254,1.8545871376991272,0.3536869684855143,2.122121810913086,0.3342977208750589,2.340084046125412,0.2267251402139664,3.4008771032094955,9.13916,0.913916,0,0,1
0,0.04870005,0.05718296,0.089461334,0.04450426,0.044784524,0.09906128,0.02573956,0.025711171,0.011379828,0.03368661,0.4802116,0.04802116,0.011379828,0.09906128,0.0582657754421234,0.1165315508842468,0.0456999961286783,0.2284999806433916,0.04430743586272,0.2658446151763201,0.0457652410758393,0.3203566875308752,0.0502274814993143,0.7534122224897146,8.983887,0.8983886999999999,0,0,1
0,0.19450256,0.113554925,0.1462852999999999,0.10598671,0.058943015,0.035480652,0.11138324,0.03489802,0.0040592653999999,0.032446634,0.8375403,0.08375404,0.0040592653999999,0.19450256,0.0683793369680643,0.1367586739361286,0.0495394807308912,0.2476974036544561,0.0435543161196013,0.261325896717608,0.0409202159249356,0.2864415114745497,0.043476672284305,0.6521500842645764,9.019043,0.9019043,0,0,1
0,0.028981375,0.0051267208,0.014621648,0.016720494,0.011547924,0.008484928,0.017774511,0.0063431053,0.004994199,0.0118570039999999,0.12645191,0.012645191,0.004994199,0.028981375,0.0146926464512944,0.0293852929025888,0.011671320721507,0.0583566036075353,0.0107736211890975,0.0646417271345853,0.0106812663642423,0.0747688645496964,0.0186407125865419,0.2796106887981296,8.915527,0.89155275,0,0,2
0,0.17574438,0.11408172,0.10477629,0.09210122,0.102192305,0.100788735,0.025782892,0.2600122,0.12286286,0.20085147,1.299194,0.1299194,0.025782892,0.2600122,0.1322349831461906,0.2644699662923813,0.148760113120079,0.7438005656003952,0.152758332590262,0.9165499955415726,0.140263343495982,0.9818434044718742,0.1124517110486825,1.686775665730238,9.489258,0.9489258,0,0,0
0,0.0075700219999999,0.0762289,0.024716834,0.025705945,0.06496208,0.0110571719999999,0.07680396,0.0060798586,0.0058552594999999,0.013923314,0.31290337,0.0312903339999999,0.0058552594999999,0.07680396,0.0279168188571929,0.0558336377143859,0.0362502731382846,0.1812513656914234,0.0335836894810199,0.2015021368861198,0.0317632231329168,0.222342561930418,0.0393942269186178,0.5909134037792683,8.052246,0.8052246,0,0,3
0,0.09246833,0.09028819,0.30111855,0.07708753,0.039277673,0.013233933,0.041433774,0.0369042,0.089197844,0.039063737,0.8200738000000001,0.08200738,0.013233933,0.30111855,0.100281324237585,0.2005626484751701,0.1545243605971336,0.7726218029856682,0.159527089446783,0.9571625366806984,0.1656855014818055,1.1597985103726387,0.1527290855844815,2.290936283767224,8.928711,0.8928710999999999,0,0,1
0,0.110405155,0.13238777,0.18812297,0.15843637,0.13312821,0.14260964,0.043300305,0.10120175,2.9923527,0.0239688139999999,4.0259137,0.40259138,0.0239688139999999,2.9923527,0.3259525075554848,0.6519050151109695,0.2031010195612907,1.0155050978064537,0.1770177632570266,1.06210657954216,0.1784808188676834,1.249365732073784,0.1354958107074101,2.0324371606111526,8.785156,0.8785156,0,1,1
0,0.18639462,0.15160076,0.12058861,0.1374072999999999,0.112656206,0.091531485,0.14756577,0.02506596,0.10996695,0.041242067,1.1240197,0.112401985,0.02506596,0.18639462,0.1245920024812221,0.2491840049624443,0.0991623550653457,0.4958117753267288,0.1026572150488694,0.6159432902932167,0.1041930094361305,0.7293510660529137,0.1775330722332,2.662996083498001,9.496094,0.9496094,0,0,0
0,0.05818262,0.062422726,0.061426394,0.10252007,0.114589736,0.06901199,0.098341934,0.09052114,0.10298157,0.20225938,0.96225756,0.09622575,0.05818262,0.20225938,0.103967472910881,0.207934945821762,0.1166184961795806,0.5830924808979034,0.1204393804073333,0.7226362824440002,0.1250193757670266,0.8751356303691864,0.1312554612755775,1.9688319191336632,9.0234375,0.90234375,0,0,1
0,0.27445796,0.39530903,0.25828564,0.34781963,0.39430112,0.3843991,0.40332085,0.6620427,0.7621799,0.75820863,4.6403246,0.46403247,0.25828564,0.7621799,0.5293645560741425,1.0587291121482851,0.6061096429824829,3.0305482149124146,0.6237328052520752,3.742396831512451,0.6394201006208148,4.475940704345703,0.6233289241790771,9.349933862686155,9.40625,0.940625,0,0,0
0,0.01666006,0.0248404829999999,0.042157453,0.03636754,0.026670594,0.032834597,0.005643094,0.0191407369999999,0.01046948,0.006107659,0.2208917,0.022089168,0.005643094,0.042157453,0.0205614147707819,0.0411228295415639,0.0374656300991773,0.1873281504958868,0.0411805675054589,0.2470834050327539,0.0433471205511263,0.3034298438578844,0.0458343978971242,0.6875159684568644,8.937988,0.8937988000000001,0,0,0
0,0.08791514,0.049568426,0.030459536,0.042298652,0.025832575,0.0138842939999999,0.014942398,0.012346271,0.0010293872,0.000586841,0.27886355,0.027886355,0.000586841,0.08791514,0.0205202759243547,0.0410405518487095,0.027656958810985,0.1382847940549254,0.024816443833212,0.1488986629992723,0.0223990826468382,0.1567935785278678,0.0147792235792924,0.2216883536893874,9.57373,0.957373,0,0,0
0,0.009771604,0.0057134484,0.010255004,0.009625288,0.013226405,0.011006696,0.007816992,0.0056891693,0.0030733717,0.012861495,0.089039475,0.008903948,0.0030733717,0.013226405,0.0088442130945622,0.0176884261891245,0.008620611205697,0.0431030560284853,0.0096084113853673,0.0576504683122038,0.009570913256279,0.0669963927939534,0.0199872052296996,0.2998080784454942,9.26123,0.926123,0,0,0
0,0.19689925,0.18821867,0.20295592,0.11330119,0.041783765,0.06732597,0.07639791,0.053413406,0.0230757989999999,0.07878263,1.0421546,0.10421544,0.0230757989999999,0.20295592,0.1143071055412292,0.2286142110824585,0.0889048367738723,0.4445241838693619,0.1033864095807075,0.6203184574842453,0.0998978135841233,0.6992846950888634,0.0955039744575818,1.4325596168637276,9.100586,0.9100586,0,0,1
0,0.23857312,0.10446402,0.28295988,0.18746904,0.16843922,0.03973956,0.24252512,0.033537574,0.033495452,0.038870525,1.3700736,0.13700736,0.033495452,0.28295988,0.1307109594345092,0.2614219188690185,0.0992316573858261,0.4961582869291306,0.0884394459426403,0.5306366756558418,0.0770969787346465,0.5396788511425257,0.0405325874686241,0.6079888120293617,9.5625,0.95625,0,0,0
0,0.4703550999999999,0.4724162,0.46450022,0.49472478,0.5086576,0.41936746,0.4909433,0.57070535,0.5524425000000001,0.3811468,4.825259,0.48252597,0.3811468,0.57070535,0.4809060841798782,0.9618121683597564,0.5286335289478302,2.643167644739151,0.5363139559825262,3.217883735895157,0.5386862627097538,3.770803838968277,1.599071584145228,23.98607376217842,9.625488,0.96254885,0,0,0
0,0.027253695,0.0125504639999999,0.01069632,0.0093994,0.02034961,0.009202746,0.018234398,0.018195013,0.0023096069,0.023605445,0.1517967,0.015179671,0.0023096069,0.027253695,0.0125876842066645,0.0251753684133291,0.015226455591619,0.076132277958095,0.0157520505599677,0.0945123033598065,0.014918234997562,0.104427644982934,0.023525355135401,0.3528803270310163,8.840332,0.8840332000000001,0,0,1
0,0.023866516,0.037106518,0.055982314,0.0017710248999999,0.0055175545,0.0048927846,0.0035539956,0.0047686305,0.0029574856,0.006298639,0.14671546,0.014671546,0.0017710248999999,0.055982314,0.0099703539162874,0.0199407078325748,0.0073986099101603,0.0369930495508015,0.0065726194685945,0.0394357168115675,0.0066175368348402,0.0463227578438818,0.0064301589969545,0.0964523849543184,9.140137,0.9140137,0,0,1
0,0.32008675,0.26750055,0.26859993,0.2783791,0.25529388,0.2899172,0.37480706,0.4063685999999999,0.5579886,0.8248251,3.8437667,0.3843767,0.25529388,0.8248251,0.3887112587690353,0.7774225175380707,0.4269487500190735,2.1347437500953674,0.4427841107050578,2.6567046642303467,0.4677009156772069,3.273906409740448,1.2556703329086305,18.83505499362945,9.424316,0.9424316,0,0,0
0,0.51890326,0.52641,0.55259925,0.53725827,0.65035385,0.59134257,0.57825553,0.78131396,0.64137226,0.6928259,6.070635,0.6070635,0.51890326,0.78131396,0.5976712703704834,1.1953425407409668,0.6268848180770874,3.134424090385437,0.6331842343012491,3.799105405807495,0.6336347120148795,4.4354429841041565,0.6256078680356344,9.384118020534515,9.621094,0.9621094,0,0,0
0,0.24956034,0.21236221,0.17527156,0.17464516,0.23099187,0.26744333,0.19155928,0.14407259,0.26038066,0.64628804,2.552575,0.2552574999999999,0.14407259,0.64628804,0.2576794475317001,0.5153588950634003,0.6309791803359985,3.1548959016799927,0.5458032066623371,3.274819239974022,0.4799576284629958,3.3597033992409706,0.2327559805475175,3.491339708212763,9.187988,0.9187988,0,0,1
0,0.018707031,0.056445025,0.10857092,0.0485561,0.06424149,0.023293562,0.04434908,0.023867337,0.009905734,0.003973488,0.40190974,0.040190972,0.003973488,0.10857092,0.0347600346431136,0.0695200692862272,0.0411687117069959,0.2058435585349798,0.041635561423997,0.2498133685439825,0.0405154188296624,0.2836079318076372,0.0401352178305387,0.6020282674580812,8.229736,0.8229735999999999,0,1,2
0,0.11063483,0.0101737659999999,0.029441196,0.023662297,0.0071062213,0.005714728,0.01919414,0.008532637,0.00057316705,0.0024377142999999,0.2174707,0.021747071,0.00057316705,0.11063483,0.0153501429595053,0.0307002859190106,0.0111929606646299,0.0559648033231496,0.0099916676990687,0.0599500061944127,0.0093243543191679,0.0652704802341759,0.0159432094233731,0.2391481413505971,8.915039,0.89150393,0,0,1
0,0.09520738,0.079851635,0.05844966,0.07355925,0.044596117,0.06593453,0.04756446,0.049011532,0.086737916,0.023441048,0.6243536,0.06243536,0.023441048,0.09520738,0.0711399763822555,0.1422799527645111,0.1008870750665664,0.5044353753328323,0.1068695659438769,0.6412173956632614,0.1027655920812061,0.7193591445684433,0.1079905028144518,1.6198575422167778,9.407715,0.94077146,0,0,0
0,0.063046254,0.11736904,0.25898027,0.16576569,0.08584888,0.16673578,0.08748381,0.01281614,0.08384378,0.143663,1.1855528,0.11855527,0.01281614,0.25898027,0.1425096355378627,0.2850192710757256,0.1750310316681861,0.8751551583409309,0.1796318553388118,1.0777911320328712,0.1721934197204453,1.2053539380431175,0.1617937698960304,2.4269065484404564,9.23584,0.923584,0,0,0
0,0.02950282,0.013950685,0.011921176,0.018937044,0.0170573389999999,0.0061763236,0.0141980825,0.008375948,0.003468449,0.004879339,0.1284672,0.01284672,0.003468449,0.02950282,0.009848210029304,0.019696420058608,0.0096596417948603,0.0482982089743018,0.0104949592302242,0.0629697553813457,0.0097484166866966,0.0682389168068766,0.0071641131459424,0.1074616971891373,9.233398,0.92333984,0,0,1
0,0.034363408,0.2372382999999999,0.05379795,0.07522447,0.07877278,0.04691414,0.17042916,0.07075356,0.010954925,0.00061763235,0.77906626,0.07790663,0.00061763235,0.2372382999999999,0.0713594779372215,0.142718955874443,0.0495570611208677,0.2477853056043386,0.0516048809513449,0.3096292857080698,0.0497946449156318,0.3485625144094229,0.044878738746047,0.6731810811907053,8.177734,0.81777346,0,0,4
0,0.0301291679999999,0.017002068,0.041483004,0.0161474419999999,0.011722366,0.011181107,0.013849993,0.00467539,0.007357419,0.0002987884,0.15384674,0.015384672,0.0002987884,0.041483004,0.0150839872658252,0.0301679745316505,0.0213867131620645,0.1069335658103227,0.0224699868510166,0.1348199211061,0.021139159665576,0.1479741176590323,0.019085858700176,0.2862878805026412,9.545898,0.95458984,0,0,0
0,0.22830316,0.2864438,0.22706741,0.20006242,0.05704143,0.17863292,0.12067981,0.024499416,0.008808919,0.15066408,1.4822034,0.14822033,0.008808919,0.2864438,0.153544619679451,0.307089239358902,0.1414700955152511,0.7073504775762558,0.1349363562961419,0.8096181377768517,0.1337655452745301,0.936358816921711,0.1281822321315606,1.9227334819734097,8.881348,0.8881348,0,0,2
0,0.28033155,0.29048717,0.20167698,0.228793,0.16220243,0.10657496,0.2742447,0.117536575,0.2207498999999999,0.16544956,2.0480468000000003,0.20480469,0.10657496,0.29048717,0.1964141204953193,0.3928282409906387,0.1402006566524505,0.7010032832622528,0.1468641112248102,0.8811846673488617,0.153553055865424,1.074871391057968,0.2772026459376017,4.158039689064027,9.330566,0.93305665,0,0,0
0,0.116747335,0.014273263,0.10981446,0.0298585239999999,0.053358354,0.040701125,0.06354202,0.0081012845,0.0353518,0.13363022,0.6053784000000001,0.060537837,0.0081012845,0.13363022,0.064019177109003,0.1280383542180061,0.072817712277174,0.36408856138587,0.0731148763249317,0.4386892579495907,0.0774905665644577,0.5424339659512043,0.0834892210861047,1.2523383162915709,9.015137,0.9015137,0,0,0
0,0.16044296,0.097227804,0.08571527,0.055117972,0.11381432,0.102652855,0.12983386,0.10667173,0.08885395,0.4464869999999999,1.3868177,0.13868177,0.055117972,0.4464869999999999,0.1346541866660118,0.2693083733320236,0.1228356748819351,0.6141783744096756,0.1282119875152906,0.7692719250917435,0.1282034197023936,0.8974239379167557,0.111775679141283,1.6766351871192455,9.612793,0.9612793,0,0,1
0,0.03882551,0.029688375,0.03984737,0.05026077,0.014591759,0.07901731,0.014939952,0.0077381069999999,0.053377677,0.054771837,0.38305867,0.03830587,0.0077381069999999,0.07901731,0.0391559693962335,0.0783119387924671,0.0341118805110454,0.1705594025552272,0.0373854332913955,0.224312599748373,0.0420233580682958,0.2941635064780712,0.0495948741833368,0.7439231127500534,8.627930000000001,0.86279297,0,0,1
0,0.70001096,0.5586513000000001,0.70349693,0.614949,0.56914276,0.45574138,0.64859194,0.5453388000000001,0.6934684,0.87398446,6.363376000000001,0.6363376000000001,0.45574138,0.87398446,0.6272540092468262,1.2545080184936523,0.6341774463653564,3.1708872318267822,0.6309548119703928,3.785728871822357,0.6396999699728829,4.4778997898101816,0.5539955953756969,8.309933930635452,9.37793,0.93779296,0,0,0
0,0.6421566,0.5368470000000001,0.6405688,0.5939180000000001,0.5305747,0.43839952,0.6432685,0.36515146,0.49788672,0.9351097,5.8238807,0.58238804,0.36515146,0.9351097,0.5537316799163818,1.1074633598327637,0.5779338479042053,2.8896692395210266,0.579658051331838,3.4779483079910283,0.5920454348836627,4.144318044185638,0.6168398936589559,9.252598404884338,9.662598,0.9662598,0,0,0
0,0.0389876029999999,0.05166667,0.0060299826,0.0071079913,0.0045918059999999,0.0204921,0.0043697455,0.0068139103,0.00529732,0.004299371,0.14965649,0.014965651,0.004299371,0.05166667,0.0116219650954008,0.0232439301908016,0.0078811855986714,0.0394059279933571,0.0076889196255554,0.0461335177533328,0.0079365100578538,0.0555555704049766,0.0064947554375976,0.0974213315639644,9.32373,0.93237305,0,0,0
0,0.06824632,0.08506801,0.049202085,0.050393295,0.06639125,0.05478036,0.048694305,0.06813772,0.0057069287,0.018909652,0.51552993,0.051552992,0.0057069287,0.08506801,0.0557084623724222,0.1114169247448444,0.0577011883258819,0.2885059416294098,0.0553004834800958,0.3318029008805752,0.0546730001057897,0.3827110007405281,0.0715476296842098,1.0732144452631474,8.710449,0.87104493,0,0,2
0,0.07988271,0.018809808,0.02898832,0.022344736,0.010641498,0.0041310377,0.02682205,0.010439339,0.0023662476,0.03295358,0.23737933,0.023737932,0.0023662476,0.07988271,0.033038935624063,0.066077871248126,0.0429949913173913,0.2149749565869569,0.0462252755338946,0.2773516532033682,0.0533711396689925,0.3735979776829481,0.0488641330351432,0.7329619955271482,9.05127,0.9051269,0,0,1
0,0.5093122,0.4256798,0.4568708999999999,0.4013784999999999,0.44065017,0.42885506,0.4161162999999999,0.44543508,0.5145244000000001,0.70095813,4.739781,0.47397804,0.4013784999999999,0.70095813,0.496020644903183,0.992041289806366,0.5301483392715454,2.650741696357727,0.5477899114290873,3.286739468574524,0.5598205242838178,3.918743669986725,0.5482369780540466,8.223554670810701,9.157715,0.9157715,0,0,1
0,0.2850342999999999,0.31431267,0.32726356,0.31299984,0.3144149,0.29085997,0.3426942,0.4494484,0.31788623,0.14315094,3.0980651000000003,0.30980653,0.14315094,0.4494484,0.303888201713562,0.607776403427124,0.2803466916084289,1.4017334580421448,0.2725000828504562,1.6350004971027374,0.2768801152706146,1.9381608068943024,0.2144598364830017,3.2168975472450256,9.552734,0.95527345,0,0,1
0,0.18067127,0.1606862,0.12320657,0.13623318,0.23127656,0.19204901,0.12609597,0.047954824,0.12306892,0.074195534,1.395438,0.1395438,0.047954824,0.23127656,0.1460215747356414,0.2920431494712829,0.1373278379440307,0.6866391897201538,0.1282399073243141,0.7694394439458847,0.1222333471689905,0.8556334301829338,0.1197585105895996,1.796377658843994,9.185059,0.91850585,0,0,1
0,0.056993373,0.057532314,0.0281647779999999,0.080593266,0.024371231,0.006445628,0.03309601,0.13861321,0.22671084,0.061751306,0.71427196,0.071427196,0.006445628,0.22671084,0.0918067544698715,0.183613508939743,0.1405911684036254,0.7029558420181274,0.1482932493090629,0.8897594958543777,0.1585222418819155,1.1096556931734085,0.1728807101647059,2.5932106524705887,8.534668,0.8534668,0,1,2
0,0.002463012,0.021324225,0.0041990927,0.012798646,0.0170528889999999,0.015209871,0.0075005535,0.0039750068,0.0010259072,0.003961871,0.089511074,0.008951107,0.0010259072,0.021324225,0.0117942066863179,0.0235884133726358,0.0259761705994606,0.129880852997303,0.0222128275005767,0.1332769650034606,0.0200114496318357,0.1400801474228501,0.0206041646034767,0.3090624690521508,8.022949,0.8022949,0,0,2
0,0.12743741,0.02486494,0.036403142,0.020850517,0.014564468,0.035353597,0.042153377,0.031563975,1.4641014,0.07529868,1.8725915,0.18725915,0.014564468,1.4641014,0.1258549392223358,0.2517098784446716,0.0850946813821792,0.4254734069108963,0.084989633411169,0.5099378004670143,0.0874503169740949,0.6121522188186646,0.1279709974924723,1.919564962387085,8.940186,0.89401853,0,1,1
